Aartselaar;AW;Antwerpen;BE;Belgium
Antwerpen;AW;Antwerpen;BE;Belgium
Arendonk;AW;Antwerpen;BE;Belgium
Baarle-Hertog;AW;Antwerpen;BE;Belgium
Balen;AW;Antwerpen;BE;Belgium
Beerse;AW;Antwerpen;BE;Belgium
Beerzel;AW;Antwerpen;BE;Belgium
Berchem (Antw.);AW;Antwerpen;BE;Belgium
Berlaar;AW;Antwerpen;BE;Belgium
Boechout;AW;Antwerpen;BE;Belgium
Bonheiden;AW;Antwerpen;BE;Belgium
Booischot;AW;Antwerpen;BE;Belgium
Boom;AW;Antwerpen;BE;Belgium
Borgerhout (Antw.);AW;Antwerpen;BE;Belgium
Bornem;AW;Antwerpen;BE;Belgium
Borsbeek (Antw.);AW;Antwerpen;BE;Belgium
Bouwel;AW;Antwerpen;BE;Belgium
Brasschaat;AW;Antwerpen;BE;Belgium
Dessel;AW;Antwerpen;BE;Belgium
Deurne (Antw.);AW;Antwerpen;BE;Belgium
Duffel;AW;Antwerpen;BE;Belgium
Edegem;AW;Antwerpen;BE;Belgium
Ekeren (Antw.);AW;Antwerpen;BE;Belgium
Essen;AW;Antwerpen;BE;Belgium
Geel;AW;Antwerpen;BE;Belgium
Grobbendonk;AW;Antwerpen;BE;Belgium
Halle (Kempen);AW;Antwerpen;BE;Belgium
Heffen;AW;Antwerpen;BE;Belgium
Heist-op-den-Berg;AW;Antwerpen;BE;Belgium
Hemiksem;AW;Antwerpen;BE;Belgium
Herentals;AW;Antwerpen;BE;Belgium
Herenthout;AW;Antwerpen;BE;Belgium
Herselt;AW;Antwerpen;BE;Belgium
Hoboken (Antw.);AW;Antwerpen;BE;Belgium
Hoevenen;AW;Antwerpen;BE;Belgium
Hombeek;AW;Antwerpen;BE;Belgium
Hoogstraten;AW;Antwerpen;BE;Belgium
Hove;AW;Antwerpen;BE;Belgium
Itegem;AW;Antwerpen;BE;Belgium
Kalmthout;AW;Antwerpen;BE;Belgium
Kapellen (Antw.);AW;Antwerpen;BE;Belgium
Kessel;AW;Antwerpen;BE;Belgium
Koningshooikt;AW;Antwerpen;BE;Belgium
Kontich;AW;Antwerpen;BE;Belgium
Laakdal;AW;Antwerpen;BE;Belgium
Lichtaart;AW;Antwerpen;BE;Belgium
Lille;AW;Antwerpen;BE;Belgium
Lint;AW;Antwerpen;BE;Belgium
Malle;AW;Antwerpen;BE;Belgium
Massenhoven;AW;Antwerpen;BE;Belgium
Mechelen;AW;Antwerpen;BE;Belgium
Meer;AW;Antwerpen;BE;Belgium
Meerhout;AW;Antwerpen;BE;Belgium
Meerle;AW;Antwerpen;BE;Belgium
Merksem (Antw.);AW;Antwerpen;BE;Belgium
Merksplas;AW;Antwerpen;BE;Belgium
Minderhout;AW;Antwerpen;BE;Belgium
Mol;AW;Antwerpen;BE;Belgium
Mortsel;AW;Antwerpen;BE;Belgium
Muizen (Mechelen);AW;Antwerpen;BE;Belgium
Niel;AW;Antwerpen;BE;Belgium
Oelegem;AW;Antwerpen;BE;Belgium
Oevel;AW;Antwerpen;BE;Belgium
Olen;AW;Antwerpen;BE;Belgium
Olmen;AW;Antwerpen;BE;Belgium
Onze-Lieve-Vrouw-Waver;AW;Antwerpen;BE;Belgium
Oppuurs;AW;Antwerpen;BE;Belgium
Oud-Turnhout;AW;Antwerpen;BE;Belgium
Poppel;AW;Antwerpen;BE;Belgium
Pulderbos;AW;Antwerpen;BE;Belgium
Pulle;AW;Antwerpen;BE;Belgium
Puurs;AW;Antwerpen;BE;Belgium
Ravels;AW;Antwerpen;BE;Belgium
Retie;AW;Antwerpen;BE;Belgium
Rijkevorsel;AW;Antwerpen;BE;Belgium
Schelle;AW;Antwerpen;BE;Belgium
Schilde;AW;Antwerpen;BE;Belgium
Schoten;AW;Antwerpen;BE;Belgium
Schriek;AW;Antwerpen;BE;Belgium
Sint-Job-in-t-Goor;AW;Antwerpen;BE;Belgium
Sint-Katelijne-Waver;AW;Antwerpen;BE;Belgium
Terhagen;AW;Antwerpen;BE;Belgium
Turnhout;AW;Antwerpen;BE;Belgium
Varendonk;AW;Antwerpen;BE;Belgium
Vorselaar;AW;Antwerpen;BE;Belgium
Vosselaar;AW;Antwerpen;BE;Belgium
Vremde;AW;Antwerpen;BE;Belgium
Weelde;AW;Antwerpen;BE;Belgium
Westmeerbeek;AW;Antwerpen;BE;Belgium
Wijnegem;AW;Antwerpen;BE;Belgium
Willebroek;AW;Antwerpen;BE;Belgium
Wilrijk (Antw.);AW;Antwerpen;BE;Belgium
Wommelgem;AW;Antwerpen;BE;Belgium
Wortel;AW;Antwerpen;BE;Belgium
Wuustwezel;AW;Antwerpen;BE;Belgium
Zwijndrecht;AW;Antwerpen;BE;Belgium
Anderlecht;BR;Brussel;BE;Belgium
Ass. Commiss. Communau. Française;BR;Brussel;BE;Belgium
Belgische Senaat;BR;Brussel;BE;Belgium
Brussel;BR;Brussel;BE;Belgium
Brussel (Laken);BR;Brussel;BE;Belgium
Brusselse Hoofdstedelijke Raad;BR;Brussel;BE;Belgium
Christelijke Sociale Organisaties;BR;Brussel;BE;Belgium
D.I.V.;BR;Brussel;BE;Belgium
E.U.-Commissie;BR;Brussel;BE;Belgium
E.U.-Raad;BR;Brussel;BE;Belgium
Elsene;BR;Brussel;BE;Belgium
Etterbeek;BR;Brussel;BE;Belgium
Evere;BR;Brussel;BE;Belgium
Ganshoren;BR;Brussel;BE;Belgium
Haren;BR;Brussel;BE;Belgium
International Press Center;BR;Brussel;BE;Belgium
Jette;BR;Brussel;BE;Belgium
Kamer van Volksvertegenwoordigers;BR;Brussel;BE;Belgium
Koekelberg;BR;Brussel;BE;Belgium
NAVO - NATO;BR;Brussel;BE;Belgium
Neder-Over-Heembeek (Bru.);BR;Brussel;BE;Belgium
Oudergem;BR;Brussel;BE;Belgium
Parlement Européen;BR;Brussel;BE;Belgium
Postcheque;BR;Brussel;BE;Belgium
R.T.L. - T.V.I.;BR;Brussel;BE;Belgium
Raad Vlaamse Gemeenschapscommissie;BR;Brussel;BE;Belgium
Rijksadministratief Centrum;BR;Brussel;BE;Belgium
RTBF;BR;Brussel;BE;Belgium
Schaarbeek;BR;Brussel;BE;Belgium
Sint-Agatha-Berchem;BR;Brussel;BE;Belgium
Sint-Gillis;BR;Brussel;BE;Belgium
Sint-Jans-Molenbeek;BR;Brussel;BE;Belgium
Sint-Joost-ten-Node;BR;Brussel;BE;Belgium
Sint-Lambrechts-Woluwe;BR;Brussel;BE;Belgium
Sint-Pieters-Woluwe;BR;Brussel;BE;Belgium
SOC;BR;Brussel;BE;Belgium
Ukkel;BR;Brussel;BE;Belgium
Vlaamse Raad - Vlaams Parlement;BR;Brussel;BE;Belgium
Vorst;BR;Brussel;BE;Belgium
VRT;BR;Brussel;BE;Belgium
Watermaal-Bosvoorde;BR;Brussel;BE;Belgium
Anderlues;HE;Henegouwen;BE;Belgium
Arbre (Ht.);HE;Henegouwen;BE;Belgium
Attre;HE;Henegouwen;BE;Belgium
Audregnies;HE;Henegouwen;BE;Belgium
Battignies;HE;Henegouwen;BE;Belgium
Baudour;HE;Henegouwen;BE;Belgium
Beauwelz;HE;Henegouwen;BE;Belgium
Beclers;HE;Henegouwen;BE;Belgium
Beloeil;HE;Henegouwen;BE;Belgium
Bernissart;HE;Henegouwen;BE;Belgium
Bienne-lez-Happart;HE;Henegouwen;BE;Belgium
Biercée;HE;Henegouwen;BE;Belgium
Biesme-sous-Thuin;HE;Henegouwen;BE;Belgium
Bizet;HE;Henegouwen;BE;Belgium
Blicquy;HE;Henegouwen;BE;Belgium
Bon-Secours;HE;Henegouwen;BE;Belgium
Bouffioulx;HE;Henegouwen;BE;Belgium
Boussu;HE;Henegouwen;BE;Belgium
Bouvignies;HE;Henegouwen;BE;Belgium
Brugelette;HE;Henegouwen;BE;Belgium
Bruyelle;HE;Henegouwen;BE;Belgium
Brye;HE;Henegouwen;BE;Belgium
Bury;HE;Henegouwen;BE;Belgium
Buvrinnes;HE;Henegouwen;BE;Belgium
Calonne;HE;Henegouwen;BE;Belgium
Charleroi;HE;Henegouwen;BE;Belgium
Chercq;HE;Henegouwen;BE;Belgium
Ciply;HE;Henegouwen;BE;Belgium
Couillet;HE;Henegouwen;BE;Belgium
Courcelles;HE;Henegouwen;BE;Belgium
Cuesmes;HE;Henegouwen;BE;Belgium
Dampremy;HE;Henegouwen;BE;Belgium
Deux-Acren;HE;Henegouwen;BE;Belgium
Dottenijs;HE;Henegouwen;BE;Belgium
Ecaussinnes-Lalaing;HE;Henegouwen;BE;Belgium
Erpion;HE;Henegouwen;BE;Belgium
Esplechin;HE;Henegouwen;BE;Belgium
Fontaine-l'Evêque;HE;Henegouwen;BE;Belgium
Fontenoy;HE;Henegouwen;BE;Belgium
Forchies-la-Marche;HE;Henegouwen;BE;Belgium
Froidmont;HE;Henegouwen;BE;Belgium
Froyennes;HE;Henegouwen;BE;Belgium
Gages;HE;Henegouwen;BE;Belgium
Gallaix;HE;Henegouwen;BE;Belgium
Gaurain-Ramecroix (Tournai);HE;Henegouwen;BE;Belgium
Ghlin;HE;Henegouwen;BE;Belgium
Ghoy;HE;Henegouwen;BE;Belgium
Gibecq;HE;Henegouwen;BE;Belgium
Gilly (Charleroi);HE;Henegouwen;BE;Belgium
Gosselies;HE;Henegouwen;BE;Belgium
Gouy-lez-Piéton;HE;Henegouwen;BE;Belgium
Gozée;HE;Henegouwen;BE;Belgium
Grandmetz;HE;Henegouwen;BE;Belgium
Ham-sur-Heure;HE;Henegouwen;BE;Belgium
Harchies;HE;Henegouwen;BE;Belgium
Harmignies;HE;Henegouwen;BE;Belgium
Havay;HE;Henegouwen;BE;Belgium
Havinnes;HE;Henegouwen;BE;Belgium
Havré;HE;Henegouwen;BE;Belgium
Herchies;HE;Henegouwen;BE;Belgium
Hérinnes-lez-Pecq;HE;Henegouwen;BE;Belgium
Herseaux;HE;Henegouwen;BE;Belgium
Hertain;HE;Henegouwen;BE;Belgium
Hornu;HE;Henegouwen;BE;Belgium
Houthem (Comines);HE;Henegouwen;BE;Belgium
Howardries;HE;Henegouwen;BE;Belgium
Irchonwelz;HE;Henegouwen;BE;Belgium
Isières;HE;Henegouwen;BE;Belgium
Jemappes;HE;Henegouwen;BE;Belgium
Jumet (Charleroi);HE;Henegouwen;BE;Belgium
Komen;HE;Henegouwen;BE;Belgium
La Glanerie;HE;Henegouwen;BE;Belgium
La Hestre;HE;Henegouwen;BE;Belgium
Labuissière;HE;Henegouwen;BE;Belgium
Landelies;HE;Henegouwen;BE;Belgium
Lanquesaint;HE;Henegouwen;BE;Belgium
Laplaigne;HE;Henegouwen;BE;Belgium
Leernes;HE;Henegouwen;BE;Belgium
Lens;HE;Henegouwen;BE;Belgium
Lesdain;HE;Henegouwen;BE;Belgium
Lessines;HE;Henegouwen;BE;Belgium
Liberchies;HE;Henegouwen;BE;Belgium
Lobbes;HE;Henegouwen;BE;Belgium
Lodelinsart;HE;Henegouwen;BE;Belgium
Lompret;HE;Henegouwen;BE;Belgium
Luingne;HE;Henegouwen;BE;Belgium
Macon;HE;Henegouwen;BE;Belgium
Macquenoise;HE;Henegouwen;BE;Belgium
Maffle;HE;Henegouwen;BE;Belgium
Maisières;HE;Henegouwen;BE;Belgium
Marche-lez-Ecaussinnes;HE;Henegouwen;BE;Belgium
Marchienne-au-Pont;HE;Henegouwen;BE;Belgium
Marcinelle;HE;Henegouwen;BE;Belgium
Maulde;HE;Henegouwen;BE;Belgium
Mellet;HE;Henegouwen;BE;Belgium
Mévergnies-lez-Lens;HE;Henegouwen;BE;Belgium
Momignies;HE;Henegouwen;BE;Belgium
Monceau-Imbrechies;HE;Henegouwen;BE;Belgium
Monceau-sur-Sambre;HE;Henegouwen;BE;Belgium
Mons;HE;Henegouwen;BE;Belgium
Montignies-sur-Sambre;HE;Henegouwen;BE;Belgium
Montigny-le-Tilleul;HE;Henegouwen;BE;Belgium
Mont-Saint-Aubert;HE;Henegouwen;BE;Belgium
Mont-Sainte-Aldegonde;HE;Henegouwen;BE;Belgium
Mont-sur-Marchienne;HE;Henegouwen;BE;Belgium
Morlanwelz;HE;Henegouwen;BE;Belgium
Mourcourt;HE;Henegouwen;BE;Belgium
Naast;HE;Henegouwen;BE;Belgium
Neufvilles;HE;Henegouwen;BE;Belgium
Obaix;HE;Henegouwen;BE;Belgium
Obigies;HE;Henegouwen;BE;Belgium
Obourg;HE;Henegouwen;BE;Belgium
Oeudeghien;HE;Henegouwen;BE;Belgium
Ogy;HE;Henegouwen;BE;Belgium
Ollignies;HE;Henegouwen;BE;Belgium
Onnezies;HE;Henegouwen;BE;Belgium
Orcq;HE;Henegouwen;BE;Belgium
Ormeignies;HE;Henegouwen;BE;Belgium
Orroir;HE;Henegouwen;BE;Belgium
Ostiches;HE;Henegouwen;BE;Belgium
Papignies;HE;Henegouwen;BE;Belgium
Pecq;HE;Henegouwen;BE;Belgium
Peissant;HE;Henegouwen;BE;Belgium
Péronnes-lez-Antoing;HE;Henegouwen;BE;Belgium
Péronnes-lez-Binche;HE;Henegouwen;BE;Belgium
Péruwelz;HE;Henegouwen;BE;Belgium
Petit-Enghien;HE;Henegouwen;BE;Belgium
Petit-Roeulx-lez-Braine;HE;Henegouwen;BE;Belgium
Petit-Roeulx-lez-Nivelles;HE;Henegouwen;BE;Belgium
Piéton;HE;Henegouwen;BE;Belgium
Pironchamps;HE;Henegouwen;BE;Belgium
Ploegsteert;HE;Henegouwen;BE;Belgium
Pommeroeul;HE;Henegouwen;BE;Belgium
Pont-de-Loup;HE;Henegouwen;BE;Belgium
Popuelles;HE;Henegouwen;BE;Belgium
Quartes;HE;Henegouwen;BE;Belgium
Quevaucamps;HE;Henegouwen;BE;Belgium
Quévy;HE;Henegouwen;BE;Belgium
Quiévrain;HE;Henegouwen;BE;Belgium
Ragnies;HE;Henegouwen;BE;Belgium
Ramegnies;HE;Henegouwen;BE;Belgium
Ramegnies-Chin;HE;Henegouwen;BE;Belgium
Rance;HE;Henegouwen;BE;Belgium
Ransart;HE;Henegouwen;BE;Belgium
Renlies;HE;Henegouwen;BE;Belgium
Rièzes;HE;Henegouwen;BE;Belgium
Robechies;HE;Henegouwen;BE;Belgium
Rongy;HE;Henegouwen;BE;Belgium
Roucourt;HE;Henegouwen;BE;Belgium
Roux;HE;Henegouwen;BE;Belgium
Rumes;HE;Henegouwen;BE;Belgium
S.H.A.P.E. België;HE;Henegouwen;BE;Belgium
Saint-Amand;HE;Henegouwen;BE;Belgium
Saint-Ghislain;HE;Henegouwen;BE;Belgium
Saint-Léger (Ht.);HE;Henegouwen;BE;Belgium
Saint-Maur;HE;Henegouwen;BE;Belgium
Saint-Sauveur;HE;Henegouwen;BE;Belgium
Saint-Symphorien;HE;Henegouwen;BE;Belgium
Saint-Vaast;HE;Henegouwen;BE;Belgium
Sars-la-Bruyère;HE;Henegouwen;BE;Belgium
Sars-la-Buissière;HE;Henegouwen;BE;Belgium
Seloignes;HE;Henegouwen;BE;Belgium
Seneffe;HE;Henegouwen;BE;Belgium
Silly;HE;Henegouwen;BE;Belgium
Sirault;HE;Henegouwen;BE;Belgium
Soignies;HE;Henegouwen;BE;Belgium
Solre-sur-Sambre;HE;Henegouwen;BE;Belgium
Souvret;HE;Henegouwen;BE;Belgium
Spiennes;HE;Henegouwen;BE;Belgium
Stambruges;HE;Henegouwen;BE;Belgium
Strée (Ht.);HE;Henegouwen;BE;Belgium
Strépy-Bracquegnies;HE;Henegouwen;BE;Belgium
Taintignies;HE;Henegouwen;BE;Belgium
Tertre;HE;Henegouwen;BE;Belgium
Thieu;HE;Henegouwen;BE;Belgium
Thieulain;HE;Henegouwen;BE;Belgium
Thieusies;HE;Henegouwen;BE;Belgium
Thimougies;HE;Henegouwen;BE;Belgium
Thuillies;HE;Henegouwen;BE;Belgium
Thuin;HE;Henegouwen;BE;Belgium
Thulin;HE;Henegouwen;BE;Belgium
Tongre-Notre-Dame;HE;Henegouwen;BE;Belgium
Tongre-Saint-Martin;HE;Henegouwen;BE;Belgium
Trazegnies;HE;Henegouwen;BE;Belgium
Vaulx (Tournai);HE;Henegouwen;BE;Belgium
Vaulx-lez-Chimay;HE;Henegouwen;BE;Belgium
Vergnies;HE;Henegouwen;BE;Belgium
Vezon;HE;Henegouwen;BE;Belgium
Villerot;HE;Henegouwen;BE;Belgium
Villers-Notre-Dame;HE;Henegouwen;BE;Belgium
Villers-Poterie;HE;Henegouwen;BE;Belgium
Villers-Saint-Ghislain;HE;Henegouwen;BE;Belgium
Virelles;HE;Henegouwen;BE;Belgium
Vloesberg;HE;Henegouwen;BE;Belgium
Waasten;HE;Henegouwen;BE;Belgium
Wagnelée;HE;Henegouwen;BE;Belgium
Wanfercée-Baulet;HE;Henegouwen;BE;Belgium
Wangenies;HE;Henegouwen;BE;Belgium
Warchin;HE;Henegouwen;BE;Belgium
Wasmes;HE;Henegouwen;BE;Belgium
Wasmes-Audemez-Briffoeil;HE;Henegouwen;BE;Belgium
Wasmuel;HE;Henegouwen;BE;Belgium
Wattripont;HE;Henegouwen;BE;Belgium
Waudrez;HE;Henegouwen;BE;Belgium
Wayaux;HE;Henegouwen;BE;Belgium
Wez-Velvain;HE;Henegouwen;BE;Belgium
Wiers;HE;Henegouwen;BE;Belgium
Wihéries;HE;Henegouwen;BE;Belgium
Willaupuis;HE;Henegouwen;BE;Belgium
Willemeau;HE;Henegouwen;BE;Belgium
Wodecq;HE;Henegouwen;BE;Belgium
Aalst (Limb.);LI;Limburg;BE;Belgium
Alken;LI;Limburg;BE;Belgium
As;LI;Limburg;BE;Belgium
Beringen;LI;Limburg;BE;Belgium
Beverlo;LI;Limburg;BE;Belgium
Diepenbeek;LI;Limburg;BE;Belgium
Eksel;LI;Limburg;BE;Belgium
Genk;LI;Limburg;BE;Belgium
Guigoven;LI;Limburg;BE;Belgium
Hamont;LI;Limburg;BE;Belgium
Hasselt;LI;Limburg;BE;Belgium
Hechtel;LI;Limburg;BE;Belgium
Helchteren;LI;Limburg;BE;Belgium
Heppen;LI;Limburg;BE;Belgium
Herstappe;LI;Limburg;BE;Belgium
Herten;LI;Limburg;BE;Belgium
Hoelbeek;LI;Limburg;BE;Belgium
Koersel;LI;Limburg;BE;Belgium
Kortessem;LI;Limburg;BE;Belgium
Lanaken;LI;Limburg;BE;Belgium
Leopoldsburg;LI;Limburg;BE;Belgium
Linkhout;LI;Limburg;BE;Belgium
Lommel;LI;Limburg;BE;Belgium
Maaseik;LI;Limburg;BE;Belgium
Martenslinde;LI;Limburg;BE;Belgium
Mielen-Boven-Aalst;LI;Limburg;BE;Belgium
Neerpelt;LI;Limburg;BE;Belgium
Niel-bij-As;LI;Limburg;BE;Belgium
Oostham;LI;Limburg;BE;Belgium
Opglabbeek;LI;Limburg;BE;Belgium
Opgrimbie;LI;Limburg;BE;Belgium
Opheers;LI;Limburg;BE;Belgium
Ophoven;LI;Limburg;BE;Belgium
Opitter;LI;Limburg;BE;Belgium
Overpelt;LI;Limburg;BE;Belgium
Paal;LI;Limburg;BE;Belgium
Rekem;LI;Limburg;BE;Belgium
Remersdaal;LI;Limburg;BE;Belgium
Reppel;LI;Limburg;BE;Belgium
Rijkel;LI;Limburg;BE;Belgium
Rijkhoven;LI;Limburg;BE;Belgium
Rotem;LI;Limburg;BE;Belgium
's Gravenvoeren;LI;Limburg;BE;Belgium
Schalkhoven;LI;Limburg;BE;Belgium
Schulen;LI;Limburg;BE;Belgium
Sint-Martens-Voeren;LI;Limburg;BE;Belgium
Sint-Pieters-Voeren;LI;Limburg;BE;Belgium
Spalbeek;LI;Limburg;BE;Belgium
Stevoort;LI;Limburg;BE;Belgium
Stokrooie;LI;Limburg;BE;Belgium
Tessenderlo;LI;Limburg;BE;Belgium
Teuven;LI;Limburg;BE;Belgium
Tongeren;LI;Limburg;BE;Belgium
Uikhoven;LI;Limburg;BE;Belgium
Ulbeek;LI;Limburg;BE;Belgium
Velm;LI;Limburg;BE;Belgium
Vliermaal;LI;Limburg;BE;Belgium
Vliermaalroot;LI;Limburg;BE;Belgium
Vorsen;LI;Limburg;BE;Belgium
Wellen;LI;Limburg;BE;Belgium
Werm;LI;Limburg;BE;Belgium
Wijchmaal;LI;Limburg;BE;Belgium
Wijer;LI;Limburg;BE;Belgium
Wijshagen;LI;Limburg;BE;Belgium
Wilderen;LI;Limburg;BE;Belgium
Wimmertingen;LI;Limburg;BE;Belgium
Wintershoven;LI;Limburg;BE;Belgium
Zelem;LI;Limburg;BE;Belgium
Zichen-Zussen-Bolder;LI;Limburg;BE;Belgium
Zolder;LI;Limburg;BE;Belgium
Zonhoven;LI;Limburg;BE;Belgium
Zutendaal;LI;Limburg;BE;Belgium
Andrimont;LK;Luik;BE;Belgium
Angleur;LK;Luik;BE;Belgium
Ans;LK;Luik;BE;Belgium
Anthisnes;LK;Luik;BE;Belgium
Argenteau;LK;Luik;BE;Belgium
Aubel;LK;Luik;BE;Belgium
B.S.D. (Belg. Strijdkr. Duitsland);LK;Luik;BE;Belgium
Basse-Bodeux;LK;Luik;BE;Belgium
Battice;LK;Luik;BE;Belgium
Beaufays;LK;Luik;BE;Belgium
Bilstain;LK;Luik;BE;Belgium
Bolland;LK;Luik;BE;Belgium
Bütgenbach;LK;Luik;BE;Belgium
Cérexhe-Heuseux;LK;Luik;BE;Belgium
Charneux;LK;Luik;BE;Belgium
Chaudfontaine;LK;Luik;BE;Belgium
Chênée;LK;Luik;BE;Belgium
Cheratte;LK;Luik;BE;Belgium
Comblain-au-Pont;LK;Luik;BE;Belgium
Couthuin;LK;Luik;BE;Belgium
Crombach;LK;Luik;BE;Belgium
Darion;LK;Luik;BE;Belgium
Dison;LK;Luik;BE;Belgium
Embourg;LK;Luik;BE;Belgium
Eupen;LK;Luik;BE;Belgium
Evegnée;LK;Luik;BE;Belgium
Eynatten;LK;Luik;BE;Belgium
Fexhe-Slins;LK;Luik;BE;Belgium
Filot;LK;Luik;BE;Belgium
Fléron;LK;Luik;BE;Belgium
Goé;LK;Luik;BE;Belgium
Grand-Rechain;LK;Luik;BE;Belgium
Grivegnée;LK;Luik;BE;Belgium
Haccourt;LK;Luik;BE;Belgium
Hamoir;LK;Luik;BE;Belgium
Haneffe;LK;Luik;BE;Belgium
Henri-Chapelle;LK;Luik;BE;Belgium
Heppenbach;LK;Luik;BE;Belgium
Hergenrath;LK;Luik;BE;Belgium
Hermalle-sous-Argenteau;LK;Luik;BE;Belgium
Hermalle-sous-Huy;LK;Luik;BE;Belgium
Herstal;LK;Luik;BE;Belgium
Heure-le-Romain;LK;Luik;BE;Belgium
Heusy;LK;Luik;BE;Belgium
Hodeige;LK;Luik;BE;Belgium
Hody;LK;Luik;BE;Belgium
Hognoul;LK;Luik;BE;Belgium
Hollogne-sur-Geer;LK;Luik;BE;Belgium
Hombourg;LK;Luik;BE;Belgium
Ivoz-Ramet;LK;Luik;BE;Belgium
Jemeppe-sur-Meuse;LK;Luik;BE;Belgium
Kelmis;LK;Luik;BE;Belgium
Kettenis;LK;Luik;BE;Belgium
Latinne;LK;Luik;BE;Belgium
Lierneux;LK;Luik;BE;Belgium
Liers;LK;Luik;BE;Belgium
Ligney;LK;Luik;BE;Belgium
Limbourg;LK;Luik;BE;Belgium
Lommersweiler;LK;Luik;BE;Belgium
Loncin;LK;Luik;BE;Belgium
Lontzen;LK;Luik;BE;Belgium
Louveigné;LK;Luik;BE;Belgium
Magnée;LK;Luik;BE;Belgium
Malmedy;LK;Luik;BE;Belgium
Manderfeld;LK;Luik;BE;Belgium
Melen;LK;Luik;BE;Belgium
Membach;LK;Luik;BE;Belgium
Meyerode;LK;Luik;BE;Belgium
Mortroux;LK;Luik;BE;Belgium
Neu-Moresnet;LK;Luik;BE;Belgium
Neuville-en-Condroz;LK;Luik;BE;Belgium
Ocquier;LK;Luik;BE;Belgium
Odeur;LK;Luik;BE;Belgium
Oleye;LK;Luik;BE;Belgium
Olne;LK;Luik;BE;Belgium
Omal;LK;Luik;BE;Belgium
Ombret;LK;Luik;BE;Belgium
Oreye;LK;Luik;BE;Belgium
Oteppe;LK;Luik;BE;Belgium
Othée;LK;Luik;BE;Belgium
Ougrée;LK;Luik;BE;Belgium
Oupeye;LK;Luik;BE;Belgium
Outrelouxhe;LK;Luik;BE;Belgium
Pellaines;LK;Luik;BE;Belgium
Petit-Rechain;LK;Luik;BE;Belgium
Plainevaux;LK;Luik;BE;Belgium
Plombières;LK;Luik;BE;Belgium
Polleur;LK;Luik;BE;Belgium
Poucet;LK;Luik;BE;Belgium
Poulseur;LK;Luik;BE;Belgium
Pousset;LK;Luik;BE;Belgium
Queue-du-Bois;LK;Luik;BE;Belgium
Raeren;LK;Luik;BE;Belgium
Rahier;LK;Luik;BE;Belgium
Ramelot;LK;Luik;BE;Belgium
Recht;LK;Luik;BE;Belgium
Retinne;LK;Luik;BE;Belgium
Reuland;LK;Luik;BE;Belgium
Richelle;LK;Luik;BE;Belgium
Rocherath;LK;Luik;BE;Belgium
Rocourt;LK;Luik;BE;Belgium
Roloux;LK;Luik;BE;Belgium
Romsée;LK;Luik;BE;Belgium
Rosoux-Crenwick;LK;Luik;BE;Belgium
Rotheux-Rimière;LK;Luik;BE;Belgium
Rouvreux;LK;Luik;BE;Belgium
Saint-André;LK;Luik;BE;Belgium
Saint-Georges-sur-Meuse;LK;Luik;BE;Belgium
Saint-Nicolas (Lg.);LK;Luik;BE;Belgium
Saint-Remy (Lg.);LK;Luik;BE;Belgium
Saive;LK;Luik;BE;Belgium
Sart-lez-Spa;LK;Luik;BE;Belgium
Schoenberg;LK;Luik;BE;Belgium
Seraing;LK;Luik;BE;Belgium
Seraing-le-Château;LK;Luik;BE;Belgium
Sippenaeken;LK;Luik;BE;Belgium
Slins;LK;Luik;BE;Belgium
Soiron;LK;Luik;BE;Belgium
Sougné-Remouchamps;LK;Luik;BE;Belgium
Soumagne;LK;Luik;BE;Belgium
Spa;LK;Luik;BE;Belgium
Stavelot;LK;Luik;BE;Belgium
Stembert;LK;Luik;BE;Belgium
Tavier;LK;Luik;BE;Belgium
Thimister;LK;Luik;BE;Belgium
Thommen;LK;Luik;BE;Belgium
Tihange;LK;Luik;BE;Belgium
Tilff;LK;Luik;BE;Belgium
Tourinne (Lg.);LK;Luik;BE;Belgium
Trembleur;LK;Luik;BE;Belgium
Trois-Ponts;LK;Luik;BE;Belgium
Trooz;LK;Luik;BE;Belgium
Vaux-et-Borset;LK;Luik;BE;Belgium
Vaux-sous-Chèvremont;LK;Luik;BE;Belgium
Velroux;LK;Luik;BE;Belgium
Viemme;LK;Luik;BE;Belgium
Ville-en-Hesbaye;LK;Luik;BE;Belgium
Villers-aux-Tours;LK;Luik;BE;Belgium
Villers-Saint-Siméon;LK;Luik;BE;Belgium
Vinalmont;LK;Luik;BE;Belgium
Vivegnis;LK;Luik;BE;Belgium
Voroux-lez-Liers;LK;Luik;BE;Belgium
Vottem;LK;Luik;BE;Belgium
Vyle-et-Tharoul;LK;Luik;BE;Belgium
Walhorn;LK;Luik;BE;Belgium
Wandre;LK;Luik;BE;Belgium
Waret-l'Evêque;LK;Luik;BE;Belgium
Warsage;LK;Luik;BE;Belgium
Warzée;LK;Luik;BE;Belgium
Wasseiges;LK;Luik;BE;Belgium
Wegnez;LK;Luik;BE;Belgium
Weismes;LK;Luik;BE;Belgium
Welkenraedt;LK;Luik;BE;Belgium
Werbomont;LK;Luik;BE;Belgium
Wihogne;LK;Luik;BE;Belgium
Wonck;LK;Luik;BE;Belgium
Xhendelesse;LK;Luik;BE;Belgium
Xhendremael;LK;Luik;BE;Belgium
Yernée-Fraineux;LK;Luik;BE;Belgium
Anlier;LU;Luxemburg;BE;Belgium
Athus;LU;Luxemburg;BE;Belgium
Aubange;LU;Luxemburg;BE;Belgium
Autelbas;LU;Luxemburg;BE;Belgium
Bande;LU;Luxemburg;BE;Belgium
Beho;LU;Luxemburg;BE;Belgium
Bellevaux;LU;Luxemburg;BE;Belgium
Bertogne;LU;Luxemburg;BE;Belgium
Bovigny;LU;Luxemburg;BE;Belgium
Buzenol;LU;Luxemburg;BE;Belgium
Champlon;LU;Luxemburg;BE;Belgium
Chanly;LU;Luxemburg;BE;Belgium
Chantemelle;LU;Luxemburg;BE;Belgium
Chassepierre;LU;Luxemburg;BE;Belgium
Cherain;LU;Luxemburg;BE;Belgium
Corbion;LU;Luxemburg;BE;Belgium
Dohan;LU;Luxemburg;BE;Belgium
Erneuville;LU;Luxemburg;BE;Belgium
Fays-les-Veneurs;LU;Luxemburg;BE;Belgium
Flamierge;LU;Luxemburg;BE;Belgium
Framont;LU;Luxemburg;BE;Belgium
Grand-Halleux;LU;Luxemburg;BE;Belgium
Grune;LU;Luxemburg;BE;Belgium
Guirsch;LU;Luxemburg;BE;Belgium
Habay;LU;Luxemburg;BE;Belgium
Habay-la-Vieille;LU;Luxemburg;BE;Belgium
Habergy;LU;Luxemburg;BE;Belgium
Halleux;LU;Luxemburg;BE;Belgium
Halma;LU;Luxemburg;BE;Belgium
Hampteau;LU;Luxemburg;BE;Belgium
Harsin;LU;Luxemburg;BE;Belgium
Hives;LU;Luxemburg;BE;Belgium
Houffalize;LU;Luxemburg;BE;Belgium
Izel;LU;Luxemburg;BE;Belgium
Juseret;LU;Luxemburg;BE;Belgium
La Roche-en-Ardenne;LU;Luxemburg;BE;Belgium
Lacuisine;LU;Luxemburg;BE;Belgium
Latour;LU;Luxemburg;BE;Belgium
Lavacherie;LU;Luxemburg;BE;Belgium
Les Bulles;LU;Luxemburg;BE;Belgium
Lesterny;LU;Luxemburg;BE;Belgium
Limerlé;LU;Luxemburg;BE;Belgium
Lomprez;LU;Luxemburg;BE;Belgium
Longchamps (Lux.);LU;Luxemburg;BE;Belgium
Mabompré;LU;Luxemburg;BE;Belgium
Martelange;LU;Luxemburg;BE;Belgium
Montleban;LU;Luxemburg;BE;Belgium
Noirefontaine;LU;Luxemburg;BE;Belgium
Nollevaux;LU;Luxemburg;BE;Belgium
Ochamps;LU;Luxemburg;BE;Belgium
Odeigne;LU;Luxemburg;BE;Belgium
Offagne;LU;Luxemburg;BE;Belgium
On;LU;Luxemburg;BE;Belgium
Opont;LU;Luxemburg;BE;Belgium
Orgeo;LU;Luxemburg;BE;Belgium
Ortho;LU;Luxemburg;BE;Belgium
Petit-Thier;LU;Luxemburg;BE;Belgium
Porcheresse (Lux.);LU;Luxemburg;BE;Belgium
Poupehan;LU;Luxemburg;BE;Belgium
Rachecourt;LU;Luxemburg;BE;Belgium
Recogne;LU;Luxemburg;BE;Belgium
Rendeux;LU;Luxemburg;BE;Belgium
Resteigne;LU;Luxemburg;BE;Belgium
Robelmont;LU;Luxemburg;BE;Belgium
Rossignol;LU;Luxemburg;BE;Belgium
Rouvroy;LU;Luxemburg;BE;Belgium
Ruette;LU;Luxemburg;BE;Belgium
Rulles;LU;Luxemburg;BE;Belgium
Sainte-Cécile;LU;Luxemburg;BE;Belgium
Sainte-Marie-sur-Semois;LU;Luxemburg;BE;Belgium
Sainte-Ode;LU;Luxemburg;BE;Belgium
Saint-Hubert;LU;Luxemburg;BE;Belgium
Saint-Léger (Lux.);LU;Luxemburg;BE;Belgium
Saint-Mard;LU;Luxemburg;BE;Belgium
Saint-Médard;LU;Luxemburg;BE;Belgium
Samrée;LU;Luxemburg;BE;Belgium
Sélange;LU;Luxemburg;BE;Belgium
Sensenruth;LU;Luxemburg;BE;Belgium
Sibret;LU;Luxemburg;BE;Belgium
Signeulx;LU;Luxemburg;BE;Belgium
Soy;LU;Luxemburg;BE;Belgium
Suxy;LU;Luxemburg;BE;Belgium
Tailles;LU;Luxemburg;BE;Belgium
Tavigny;LU;Luxemburg;BE;Belgium
Tenneville;LU;Luxemburg;BE;Belgium
Termes;LU;Luxemburg;BE;Belgium
Thiaumont;LU;Luxemburg;BE;Belgium
Tintange;LU;Luxemburg;BE;Belgium
Toernich;LU;Luxemburg;BE;Belgium
Tohogne;LU;Luxemburg;BE;Belgium
Tournay;LU;Luxemburg;BE;Belgium
Ucimont;LU;Luxemburg;BE;Belgium
Vance;LU;Luxemburg;BE;Belgium
Vielsalm;LU;Luxemburg;BE;Belgium
Villers-Devant-Orval;LU;Luxemburg;BE;Belgium
Villers-la-Bonne-Eau;LU;Luxemburg;BE;Belgium
Wellin;LU;Luxemburg;BE;Belgium
Wéris;LU;Luxemburg;BE;Belgium
Wibrin;LU;Luxemburg;BE;Belgium
Witry;LU;Luxemburg;BE;Belgium
Wolkrange;LU;Luxemburg;BE;Belgium
Achet;NA;Namen;BE;Belgium
Agimont;NA;Namen;BE;Belgium
Anseremme;NA;Namen;BE;Belgium
Belgrade;NA;Namen;BE;Belgium
Blaimont;NA;Namen;BE;Belgium
Boninne;NA;Namen;BE;Belgium
Bouge;NA;Namen;BE;Belgium
Celles (Nam.);NA;Namen;BE;Belgium
Cognelée;NA;Namen;BE;Belgium
Courrière;NA;Namen;BE;Belgium
Crupet;NA;Namen;BE;Belgium
Custinne;NA;Namen;BE;Belgium
Emptinne;NA;Namen;BE;Belgium
Ermeton-sur-Biert;NA;Namen;BE;Belgium
Falaën;NA;Namen;BE;Belgium
Florée;NA;Namen;BE;Belgium
Focant;NA;Namen;BE;Belgium
Foy-Notre-Dame;NA;Namen;BE;Belgium
Froidfontaine;NA;Namen;BE;Belgium
Furnaux;NA;Namen;BE;Belgium
Gerin;NA;Namen;BE;Belgium
Goesnes;NA;Namen;BE;Belgium
Grand-Leez;NA;Namen;BE;Belgium
Haillot;NA;Namen;BE;Belgium
Hamois;NA;Namen;BE;Belgium
Hastière-par-Dela;NA;Namen;BE;Belgium
Heer;NA;Namen;BE;Belgium
Hour;NA;Namen;BE;Belgium
Houyet;NA;Namen;BE;Belgium
Isnes;NA;Namen;BE;Belgium
Jallet;NA;Namen;BE;Belgium
Liernu;NA;Namen;BE;Belgium
Lisogne;NA;Namen;BE;Belgium
Lives-sur-Meuse;NA;Namen;BE;Belgium
Maffe;NA;Namen;BE;Belgium
Marche-les-Dames;NA;Namen;BE;Belgium
Martouzin-Neuville;NA;Namen;BE;Belgium
Méan;NA;Namen;BE;Belgium
Miécret;NA;Namen;BE;Belgium
Namur;NA;Namen;BE;Belgium
Noville-les-Bois;NA;Namen;BE;Belgium
Ohey;NA;Namen;BE;Belgium
Oignies-en-Thiérache;NA;Namen;BE;Belgium
Oizy;NA;Namen;BE;Belgium
Onhaye;NA;Namen;BE;Belgium
Onoz;NA;Namen;BE;Belgium
Orchimont;NA;Namen;BE;Belgium
Oret;NA;Namen;BE;Belgium
Perwez-Haillot;NA;Namen;BE;Belgium
Pesche;NA;Namen;BE;Belgium
Pessoux;NA;Namen;BE;Belgium
Philippeville;NA;Namen;BE;Belgium
Pondrôme;NA;Namen;BE;Belgium
Porcheresse (Nam.);NA;Namen;BE;Belgium
Profondeville;NA;Namen;BE;Belgium
Rhisnes;NA;Namen;BE;Belgium
Rognée;NA;Namen;BE;Belgium
Romerée;NA;Namen;BE;Belgium
Rosée;NA;Namen;BE;Belgium
Saint-Denis-Bovesse;NA;Namen;BE;Belgium
Saint-Marc;NA;Namen;BE;Belgium
Saint-Servais;NA;Namen;BE;Belgium
Sambreville;NA;Namen;BE;Belgium
Sart-Bernard;NA;Namen;BE;Belgium
Sart-Eustache;NA;Namen;BE;Belgium
Sauvenière;NA;Namen;BE;Belgium
Schaltin;NA;Namen;BE;Belgium
Sclayn;NA;Namen;BE;Belgium
Scy;NA;Namen;BE;Belgium
Senzeille;NA;Namen;BE;Belgium
Serville;NA;Namen;BE;Belgium
Sinsin;NA;Namen;BE;Belgium
Sombreffe;NA;Namen;BE;Belgium
Sorée;NA;Namen;BE;Belgium
Sorinne-la-Longue;NA;Namen;BE;Belgium
Sorinnes;NA;Namen;BE;Belgium
Sosoye;NA;Namen;BE;Belgium
Soye (Nam.);NA;Namen;BE;Belgium
Stave;NA;Namen;BE;Belgium
Suarlée;NA;Namen;BE;Belgium
Thy-le-Bauduin;NA;Namen;BE;Belgium
Thynes;NA;Namen;BE;Belgium
Wanlin;NA;Namen;BE;Belgium
Waulsort;NA;Namen;BE;Belgium
Wavreille;NA;Namen;BE;Belgium
Weillen;NA;Namen;BE;Belgium
Wépion;NA;Namen;BE;Belgium
Wiesme;NA;Namen;BE;Belgium
Willerzie;NA;Namen;BE;Belgium
Winenne;NA;Namen;BE;Belgium
Yves-Gomezée;NA;Namen;BE;Belgium
Yvoir;NA;Namen;BE;Belgium
Aalst;OV;Oost Vlaanderen;BE;Belgium
Adegem;OV;Oost Vlaanderen;BE;Belgium
Aspelare;OV;Oost Vlaanderen;BE;Belgium
Assenede;OV;Oost Vlaanderen;BE;Belgium
Bellem;OV;Oost Vlaanderen;BE;Belgium
Belsele (Sint-Niklaas);OV;Oost Vlaanderen;BE;Belgium
Boekhoute;OV;Oost Vlaanderen;BE;Belgium
Borsbeke;OV;Oost Vlaanderen;BE;Belgium
Denderleeuw;OV;Oost Vlaanderen;BE;Belgium
Dendermonde;OV;Oost Vlaanderen;BE;Belgium
Deurle;OV;Oost Vlaanderen;BE;Belgium
Drongen;OV;Oost Vlaanderen;BE;Belgium
Eeklo;OV;Oost Vlaanderen;BE;Belgium
Gent;OV;Oost Vlaanderen;BE;Belgium
Haaltert;OV;Oost Vlaanderen;BE;Belgium
Hamme (O.-Vl.);OV;Oost Vlaanderen;BE;Belgium
Hemelveerdegem;OV;Oost Vlaanderen;BE;Belgium
Herdersem;OV;Oost Vlaanderen;BE;Belgium
Heusden (O.-Vl.);OV;Oost Vlaanderen;BE;Belgium
Hofstade (O.-Vl.);OV;Oost Vlaanderen;BE;Belgium
Iddergem;OV;Oost Vlaanderen;BE;Belgium
Kalken;OV;Oost Vlaanderen;BE;Belgium
Kaprijke;OV;Oost Vlaanderen;BE;Belgium
Kerksken;OV;Oost Vlaanderen;BE;Belgium
Kruishoutem;OV;Oost Vlaanderen;BE;Belgium
Ledeberg (Gent);OV;Oost Vlaanderen;BE;Belgium
Lembeke;OV;Oost Vlaanderen;BE;Belgium
Letterhoutem;OV;Oost Vlaanderen;BE;Belgium
Lokeren;OV;Oost Vlaanderen;BE;Belgium
Lovendegem;OV;Oost Vlaanderen;BE;Belgium
Maarkedal;OV;Oost Vlaanderen;BE;Belgium
Maldegem;OV;Oost Vlaanderen;BE;Belgium
Mariakerke (Gent);OV;Oost Vlaanderen;BE;Belgium
Meerbeke;OV;Oost Vlaanderen;BE;Belgium
Meerdonk;OV;Oost Vlaanderen;BE;Belgium
Melle;OV;Oost Vlaanderen;BE;Belgium
Middelburg;OV;Oost Vlaanderen;BE;Belgium
Moerbeke-Waas;OV;Oost Vlaanderen;BE;Belgium
Nazareth;OV;Oost Vlaanderen;BE;Belgium
Nederzwalm-Hermelgem;OV;Oost Vlaanderen;BE;Belgium
Neigem;OV;Oost Vlaanderen;BE;Belgium
Nieuwerkerken (Aalst);OV;Oost Vlaanderen;BE;Belgium
Nokere;OV;Oost Vlaanderen;BE;Belgium
Nukerke;OV;Oost Vlaanderen;BE;Belgium
Okegem;OV;Oost Vlaanderen;BE;Belgium
Oordegem;OV;Oost Vlaanderen;BE;Belgium
Oostakker;OV;Oost Vlaanderen;BE;Belgium
Oosteeklo;OV;Oost Vlaanderen;BE;Belgium
Oosterzele;OV;Oost Vlaanderen;BE;Belgium
Oostwinkel;OV;Oost Vlaanderen;BE;Belgium
Opdorp;OV;Oost Vlaanderen;BE;Belgium
Ottergem;OV;Oost Vlaanderen;BE;Belgium
Outer;OV;Oost Vlaanderen;BE;Belgium
Overmere;OV;Oost Vlaanderen;BE;Belgium
Parike;OV;Oost Vlaanderen;BE;Belgium
Poeke;OV;Oost Vlaanderen;BE;Belgium
Poesele;OV;Oost Vlaanderen;BE;Belgium
Pollare;OV;Oost Vlaanderen;BE;Belgium
Renaix;OV;Oost Vlaanderen;BE;Belgium
Ressegem;OV;Oost Vlaanderen;BE;Belgium
Ronsele;OV;Oost Vlaanderen;BE;Belgium
Rupelmonde;OV;Oost Vlaanderen;BE;Belgium
Schelderode;OV;Oost Vlaanderen;BE;Belgium
Schorisse;OV;Oost Vlaanderen;BE;Belgium
Semmerzake;OV;Oost Vlaanderen;BE;Belgium
Sinaai-Waas;OV;Oost Vlaanderen;BE;Belgium
Sint-Amandsberg (Gent);OV;Oost Vlaanderen;BE;Belgium
Sint-Denijs-Westrem;OV;Oost Vlaanderen;BE;Belgium
Sint-Jan-in-Eremo;OV;Oost Vlaanderen;BE;Belgium
Sint-Kornelis-Horebeke;OV;Oost Vlaanderen;BE;Belgium
Sint-Kruis-Winkel;OV;Oost Vlaanderen;BE;Belgium
Sint-Laureins;OV;Oost Vlaanderen;BE;Belgium
Sint-Margriete;OV;Oost Vlaanderen;BE;Belgium
Sint-Maria-Lierde;OV;Oost Vlaanderen;BE;Belgium
Sint-Martens-Latem;OV;Oost Vlaanderen;BE;Belgium
Sint-Martens-Lierde;OV;Oost Vlaanderen;BE;Belgium
Sint-Niklaas;OV;Oost Vlaanderen;BE;Belgium
Sleidinge;OV;Oost Vlaanderen;BE;Belgium
Steendorp;OV;Oost Vlaanderen;BE;Belgium
Stekene;OV;Oost Vlaanderen;BE;Belgium
Ursel;OV;Oost Vlaanderen;BE;Belgium
Verrebroek;OV;Oost Vlaanderen;BE;Belgium
Vinderhoute;OV;Oost Vlaanderen;BE;Belgium
Vrasene;OV;Oost Vlaanderen;BE;Belgium
Waarschoot;OV;Oost Vlaanderen;BE;Belgium
Waasmunster;OV;Oost Vlaanderen;BE;Belgium
Wachtebeke;OV;Oost Vlaanderen;BE;Belgium
Wannegem-Lede;OV;Oost Vlaanderen;BE;Belgium
Waterland-Oudeman;OV;Oost Vlaanderen;BE;Belgium
Welden;OV;Oost Vlaanderen;BE;Belgium
Welle;OV;Oost Vlaanderen;BE;Belgium
Westrem;OV;Oost Vlaanderen;BE;Belgium
Wichelen;OV;Oost Vlaanderen;BE;Belgium
Wieze;OV;Oost Vlaanderen;BE;Belgium
Wondelgem;OV;Oost Vlaanderen;BE;Belgium
Wontergem;OV;Oost Vlaanderen;BE;Belgium
Wortegem;OV;Oost Vlaanderen;BE;Belgium
Woubrechtegem;OV;Oost Vlaanderen;BE;Belgium
Zaffelare;OV;Oost Vlaanderen;BE;Belgium
Zandbergen;OV;Oost Vlaanderen;BE;Belgium
Zarlardinge;OV;Oost Vlaanderen;BE;Belgium
Zegelsem;OV;Oost Vlaanderen;BE;Belgium
Zele;OV;Oost Vlaanderen;BE;Belgium
Zelzate;OV;Oost Vlaanderen;BE;Belgium
Zevergem;OV;Oost Vlaanderen;BE;Belgium
Zingem;OV;Oost Vlaanderen;BE;Belgium
Zomergem;OV;Oost Vlaanderen;BE;Belgium
Zonnegem;OV;Oost Vlaanderen;BE;Belgium
Zottegem;OV;Oost Vlaanderen;BE;Belgium
Zulte;OV;Oost Vlaanderen;BE;Belgium
Zulzeke;OV;Oost Vlaanderen;BE;Belgium
Zwalm;OV;Oost Vlaanderen;BE;Belgium
Zwijnaarde;OV;Oost Vlaanderen;BE;Belgium
Aarschot;VB;Vlaams Brabant;BE;Belgium
Alsemberg;VB;Vlaams Brabant;BE;Belgium
Assent;VB;Vlaams Brabant;BE;Belgium
Attenrode;VB;Vlaams Brabant;BE;Belgium
Baal;VB;Vlaams Brabant;BE;Belgium
Beersel;VB;Vlaams Brabant;BE;Belgium
Beert;VB;Vlaams Brabant;BE;Belgium
Begijnendijk;VB;Vlaams Brabant;BE;Belgium
Beigem;VB;Vlaams Brabant;BE;Belgium
Bellingen;VB;Vlaams Brabant;BE;Belgium
Bever;VB;Vlaams Brabant;BE;Belgium
Binkom;VB;Vlaams Brabant;BE;Belgium
Blanden;VB;Vlaams Brabant;BE;Belgium
Bogaarden;VB;Vlaams Brabant;BE;Belgium
Boortmeerbeek;VB;Vlaams Brabant;BE;Belgium
Borchtlombeek;VB;Vlaams Brabant;BE;Belgium
Brucargo;VB;Vlaams Brabant;BE;Belgium
Brussel X-Luchthaven Remailing;VB;Vlaams Brabant;BE;Belgium
Buizingen;VB;Vlaams Brabant;BE;Belgium
Bunsbeek;VB;Vlaams Brabant;BE;Belgium
Cargovil;VB;Vlaams Brabant;BE;Belgium
Diegem;VB;Vlaams Brabant;BE;Belgium
Drogenbos;VB;Vlaams Brabant;BE;Belgium
Dworp;VB;Vlaams Brabant;BE;Belgium
Elingen;VB;Vlaams Brabant;BE;Belgium
Erps-Kwerps;VB;Vlaams Brabant;BE;Belgium
Essene;VB;Vlaams Brabant;BE;Belgium
Everberg;VB;Vlaams Brabant;BE;Belgium
Grazen;VB;Vlaams Brabant;BE;Belgium
Grimbergen;VB;Vlaams Brabant;BE;Belgium
Groot-Bijgaarden;VB;Vlaams Brabant;BE;Belgium
Haasrode;VB;Vlaams Brabant;BE;Belgium
Halle;VB;Vlaams Brabant;BE;Belgium
Herfelingen;VB;Vlaams Brabant;BE;Belgium
Hever;VB;Vlaams Brabant;BE;Belgium
Heverlee;VB;Vlaams Brabant;BE;Belgium
Hoegaarden;VB;Vlaams Brabant;BE;Belgium
Hoeilaart;VB;Vlaams Brabant;BE;Belgium
Hoeleden;VB;Vlaams Brabant;BE;Belgium
Hofstade (Bt.);VB;Vlaams Brabant;BE;Belgium
Huizingen;VB;Vlaams Brabant;BE;Belgium
Humbeek;VB;Vlaams Brabant;BE;Belgium
Itterbeek;VB;Vlaams Brabant;BE;Belgium
Kaggevinne;VB;Vlaams Brabant;BE;Belgium
Kampenhout;VB;Vlaams Brabant;BE;Belgium
Kapellen (Bt.);VB;Vlaams Brabant;BE;Belgium
Keerbergen;VB;Vlaams Brabant;BE;Belgium
Kersbeek-Miskom;VB;Vlaams Brabant;BE;Belgium
Kessel-Lo (Leuven);VB;Vlaams Brabant;BE;Belgium
Kobbegem;VB;Vlaams Brabant;BE;Belgium
Korbeek-Dijle;VB;Vlaams Brabant;BE;Belgium
Kortenberg;VB;Vlaams Brabant;BE;Belgium
Kortrijk-Dutsel;VB;Vlaams Brabant;BE;Belgium
Kraainem;VB;Vlaams Brabant;BE;Belgium
Langdorp;VB;Vlaams Brabant;BE;Belgium
Leefdaal;VB;Vlaams Brabant;BE;Belgium
Lembeek;VB;Vlaams Brabant;BE;Belgium
Lennik;VB;Vlaams Brabant;BE;Belgium
Leuven;VB;Vlaams Brabant;BE;Belgium
Liedekerke;VB;Vlaams Brabant;BE;Belgium
Linden;VB;Vlaams Brabant;BE;Belgium
Linkebeek;VB;Vlaams Brabant;BE;Belgium
Londerzeel;VB;Vlaams Brabant;BE;Belgium
Lot;VB;Vlaams Brabant;BE;Belgium
Machelen (Bt.);VB;Vlaams Brabant;BE;Belgium
Meensel-Kiezegem;VB;Vlaams Brabant;BE;Belgium
Meise;VB;Vlaams Brabant;BE;Belgium
Merchtem;VB;Vlaams Brabant;BE;Belgium
Messelbroek;VB;Vlaams Brabant;BE;Belgium
Molenbeek-Wersbeek;VB;Vlaams Brabant;BE;Belgium
Molenstede;VB;Vlaams Brabant;BE;Belgium
Neerlanden;VB;Vlaams Brabant;BE;Belgium
Nieuwrode;VB;Vlaams Brabant;BE;Belgium
Oetingen;VB;Vlaams Brabant;BE;Belgium
Oorbeek;VB;Vlaams Brabant;BE;Belgium
Opvelp;VB;Vlaams Brabant;BE;Belgium
Opwijk;VB;Vlaams Brabant;BE;Belgium
Oud-Heverlee;VB;Vlaams Brabant;BE;Belgium
Outgaarden;VB;Vlaams Brabant;BE;Belgium
Overijse;VB;Vlaams Brabant;BE;Belgium
Overwinden;VB;Vlaams Brabant;BE;Belgium
Pellenberg;VB;Vlaams Brabant;BE;Belgium
Ramsdonk;VB;Vlaams Brabant;BE;Belgium
Ransberg;VB;Vlaams Brabant;BE;Belgium
Relegem;VB;Vlaams Brabant;BE;Belgium
Rillaar;VB;Vlaams Brabant;BE;Belgium
Roosdaal;VB;Vlaams Brabant;BE;Belgium
Rotselaar;VB;Vlaams Brabant;BE;Belgium
Ruisbroek (Bt.);VB;Vlaams Brabant;BE;Belgium
Rummen;VB;Vlaams Brabant;BE;Belgium
Schepdaal;VB;Vlaams Brabant;BE;Belgium
Scherpenheuvel;VB;Vlaams Brabant;BE;Belgium
Sint-Agatha-Rode;VB;Vlaams Brabant;BE;Belgium
Sint-Genesius-Rode;VB;Vlaams Brabant;BE;Belgium
Sint-Joris-Weert;VB;Vlaams Brabant;BE;Belgium
Sint-Joris-Winge;VB;Vlaams Brabant;BE;Belgium
Sint-Katherina-Lombeek;VB;Vlaams Brabant;BE;Belgium
Sint-Martens-Bodegem;VB;Vlaams Brabant;BE;Belgium
Sint-Pieters-Kapelle (Bt.);VB;Vlaams Brabant;BE;Belgium
Sint-Pieters-Leeuw;VB;Vlaams Brabant;BE;Belgium
Sint-Stevens-Woluwe;VB;Vlaams Brabant;BE;Belgium
Steenokkerzeel;VB;Vlaams Brabant;BE;Belgium
Sterrebeek;VB;Vlaams Brabant;BE;Belgium
Strombeek-Bever;VB;Vlaams Brabant;BE;Belgium
Ternat;VB;Vlaams Brabant;BE;Belgium
Tildonk;VB;Vlaams Brabant;BE;Belgium
Tollembeek;VB;Vlaams Brabant;BE;Belgium
Tremelo;VB;Vlaams Brabant;BE;Belgium
Vaalbeek;VB;Vlaams Brabant;BE;Belgium
Vilvoorde;VB;Vlaams Brabant;BE;Belgium
Vlezenbeek;VB;Vlaams Brabant;BE;Belgium
Vossem;VB;Vlaams Brabant;BE;Belgium
VTM;VB;Vlaams Brabant;BE;Belgium
Waanrode;VB;Vlaams Brabant;BE;Belgium
Wambeek;VB;Vlaams Brabant;BE;Belgium
Webbekom;VB;Vlaams Brabant;BE;Belgium
Weerde;VB;Vlaams Brabant;BE;Belgium
Wemmel;VB;Vlaams Brabant;BE;Belgium
Werchter;VB;Vlaams Brabant;BE;Belgium
Wezemaal;VB;Vlaams Brabant;BE;Belgium
Wezembeek-Oppem;VB;Vlaams Brabant;BE;Belgium
Wezeren;VB;Vlaams Brabant;BE;Belgium
Wijgmaal (Brabant);VB;Vlaams Brabant;BE;Belgium
Willebringen;VB;Vlaams Brabant;BE;Belgium
Wilsele;VB;Vlaams Brabant;BE;Belgium
Winksele;VB;Vlaams Brabant;BE;Belgium
Wolvertem;VB;Vlaams Brabant;BE;Belgium
Wommersom;VB;Vlaams Brabant;BE;Belgium
Zaventem;VB;Vlaams Brabant;BE;Belgium
Zemst;VB;Vlaams Brabant;BE;Belgium
Zichem;VB;Vlaams Brabant;BE;Belgium
Zoutleeuw;VB;Vlaams Brabant;BE;Belgium
Baulers;WB;West Brabant;BE;Belgium
Beauvechain;WB;West Brabant;BE;Belgium
Bierges;WB;West Brabant;BE;Belgium
Bierghes;WB;West Brabant;BE;Belgium
Bonlez;WB;West Brabant;BE;Belgium
Bornival;WB;West Brabant;BE;Belgium
Braine-l'Alleud;WB;West Brabant;BE;Belgium
Braine-le-Château;WB;West Brabant;BE;Belgium
Céroux-Mousty;WB;West Brabant;BE;Belgium
Court-Saint-Etienne;WB;West Brabant;BE;Belgium
Dongelberg;WB;West Brabant;BE;Belgium
Genappe;WB;West Brabant;BE;Belgium
Genval;WB;West Brabant;BE;Belgium
Glabais;WB;West Brabant;BE;Belgium
Grez-Doiceau;WB;West Brabant;BE;Belgium
Haut-Ittre;WB;West Brabant;BE;Belgium
Houtain-le-Val;WB;West Brabant;BE;Belgium
Ittre;WB;West Brabant;BE;Belgium
La Hulpe;WB;West Brabant;BE;Belgium
Lillois-Witterzée;WB;West Brabant;BE;Belgium
Limelette;WB;West Brabant;BE;Belgium
Loupoigne;WB;West Brabant;BE;Belgium
Louvain-la-Neuve;WB;West Brabant;BE;Belgium
Malèves-Sainte-Marie-Wastines;WB;West Brabant;BE;Belgium
Marilles;WB;West Brabant;BE;Belgium
Mont-Saint-Guibert;WB;West Brabant;BE;Belgium
Nivelles;WB;West Brabant;BE;Belgium
Ohain;WB;West Brabant;BE;Belgium
Oisquercq;WB;West Brabant;BE;Belgium
Ophain-Bois-Seigneur-Isaac;WB;West Brabant;BE;Belgium
Opheylissem;WB;West Brabant;BE;Belgium
Ottignies;WB;West Brabant;BE;Belgium
Promo-Control;WB;West Brabant;BE;Belgium
Ramillies;WB;West Brabant;BE;Belgium
Rixensart;WB;West Brabant;BE;Belgium
Rosières;WB;West Brabant;BE;Belgium
Roux-Miroir;WB;West Brabant;BE;Belgium
Saint-Géry;WB;West Brabant;BE;Belgium
Thines;WB;West Brabant;BE;Belgium
Tilly;WB;West Brabant;BE;Belgium
Vieux-Genappe;WB;West Brabant;BE;Belgium
Walhain;WB;West Brabant;BE;Belgium
Waterloo;WB;West Brabant;BE;Belgium
Wavre;WB;West Brabant;BE;Belgium
Ways;WB;West Brabant;BE;Belgium
Aalbeke;WV;West Vlaanderen;BE;Belgium
Aartrijke;WV;West Vlaanderen;BE;Belgium
Adinkerke;WV;West Vlaanderen;BE;Belgium
Ardooie;WV;West Vlaanderen;BE;Belgium
Avelgem;WV;West Vlaanderen;BE;Belgium
Beveren (Leie);WV;West Vlaanderen;BE;Belgium
Blankenberge;WV;West Vlaanderen;BE;Belgium
Bossuit;WV;West Vlaanderen;BE;Belgium
Bredene;WV;West Vlaanderen;BE;Belgium
Brugge;WV;West Vlaanderen;BE;Belgium
Deerlijk;WV;West Vlaanderen;BE;Belgium
Desselgem;WV;West Vlaanderen;BE;Belgium
Dranouter;WV;West Vlaanderen;BE;Belgium
Elverdinge;WV;West Vlaanderen;BE;Belgium
Harelbeke;WV;West Vlaanderen;BE;Belgium
Heestert;WV;West Vlaanderen;BE;Belgium
Heule;WV;West Vlaanderen;BE;Belgium
Heuvelland;WV;West Vlaanderen;BE;Belgium
Hooglede;WV;West Vlaanderen;BE;Belgium
Houthulst;WV;West Vlaanderen;BE;Belgium
Hulste;WV;West Vlaanderen;BE;Belgium
Ichtegem;WV;West Vlaanderen;BE;Belgium
Ingelmunster;WV;West Vlaanderen;BE;Belgium
Izegem;WV;West Vlaanderen;BE;Belgium
Kaster;WV;West Vlaanderen;BE;Belgium
Kemmel;WV;West Vlaanderen;BE;Belgium
Koolskamp;WV;West Vlaanderen;BE;Belgium
Kortrijk;WV;West Vlaanderen;BE;Belgium
Kuurne;WV;West Vlaanderen;BE;Belgium
Leffinge;WV;West Vlaanderen;BE;Belgium
Lendelede;WV;West Vlaanderen;BE;Belgium
Lichtervelde;WV;West Vlaanderen;BE;Belgium
Loker;WV;West Vlaanderen;BE;Belgium
Mesen;WV;West Vlaanderen;BE;Belgium
Meulebeke;WV;West Vlaanderen;BE;Belgium
Middelkerke;WV;West Vlaanderen;BE;Belgium
Moen;WV;West Vlaanderen;BE;Belgium
Moorslede;WV;West Vlaanderen;BE;Belgium
Oedelem;WV;West Vlaanderen;BE;Belgium
Oekene;WV;West Vlaanderen;BE;Belgium
Oeren;WV;West Vlaanderen;BE;Belgium
Oeselgem;WV;West Vlaanderen;BE;Belgium
Oostende;WV;West Vlaanderen;BE;Belgium
Oostkamp;WV;West Vlaanderen;BE;Belgium
Oostkerke (Damme);WV;West Vlaanderen;BE;Belgium
Oostrozebeke;WV;West Vlaanderen;BE;Belgium
Otegem;WV;West Vlaanderen;BE;Belgium
Outrijve;WV;West Vlaanderen;BE;Belgium
Pittem;WV;West Vlaanderen;BE;Belgium
Poelkapelle;WV;West Vlaanderen;BE;Belgium
Pollinkhove;WV;West Vlaanderen;BE;Belgium
Poperinge;WV;West Vlaanderen;BE;Belgium
Proven;WV;West Vlaanderen;BE;Belgium
Ramskapelle (Knokke-Heist);WV;West Vlaanderen;BE;Belgium
Ramskapelle (Nieuwpoort);WV;West Vlaanderen;BE;Belgium
Rekkem;WV;West Vlaanderen;BE;Belgium
Rollegem;WV;West Vlaanderen;BE;Belgium
Rollegem-Kapelle;WV;West Vlaanderen;BE;Belgium
Ruiselede;WV;West Vlaanderen;BE;Belgium
Schore;WV;West Vlaanderen;BE;Belgium
Schuiferskapelle;WV;West Vlaanderen;BE;Belgium
Sint-Andries;WV;West Vlaanderen;BE;Belgium
Sint-Denijs;WV;West Vlaanderen;BE;Belgium
Sint-Eloois-Vijve;WV;West Vlaanderen;BE;Belgium
Sint-Jan;WV;West Vlaanderen;BE;Belgium
Sint-Kruis (Brugge);WV;West Vlaanderen;BE;Belgium
Spiere;WV;West Vlaanderen;BE;Belgium
Stavele;WV;West Vlaanderen;BE;Belgium
Tiegem;WV;West Vlaanderen;BE;Belgium
Torhout;WV;West Vlaanderen;BE;Belgium
Vichte;WV;West Vlaanderen;BE;Belgium
Vlamertinge;WV;West Vlaanderen;BE;Belgium
Vlissegem;WV;West Vlaanderen;BE;Belgium
Waarmaarde;WV;West Vlaanderen;BE;Belgium
Waregem;WV;West Vlaanderen;BE;Belgium
Watou;WV;West Vlaanderen;BE;Belgium
Wenduine;WV;West Vlaanderen;BE;Belgium
Werken;WV;West Vlaanderen;BE;Belgium
Wervik;WV;West Vlaanderen;BE;Belgium
Westende;WV;West Vlaanderen;BE;Belgium
Westkapelle;WV;West Vlaanderen;BE;Belgium
Westkerke;WV;West Vlaanderen;BE;Belgium
Westouter;WV;West Vlaanderen;BE;Belgium
Westrozebeke;WV;West Vlaanderen;BE;Belgium
Westvleteren;WV;West Vlaanderen;BE;Belgium
Wevelgem;WV;West Vlaanderen;BE;Belgium
Wielsbeke;WV;West Vlaanderen;BE;Belgium
Wijtschate;WV;West Vlaanderen;BE;Belgium
Wilskerke;WV;West Vlaanderen;BE;Belgium
Wingene;WV;West Vlaanderen;BE;Belgium
Woumen;WV;West Vlaanderen;BE;Belgium
Wulpen;WV;West Vlaanderen;BE;Belgium
Wulvergem;WV;West Vlaanderen;BE;Belgium
Wulveringem;WV;West Vlaanderen;BE;Belgium
Zande;WV;West Vlaanderen;BE;Belgium
Zandvoorde (Zonnebeke);WV;West Vlaanderen;BE;Belgium
Zedelgem;WV;West Vlaanderen;BE;Belgium
Zeebrugge (Brugge);WV;West Vlaanderen;BE;Belgium
Zerkegem;WV;West Vlaanderen;BE;Belgium
Zevekote;WV;West Vlaanderen;BE;Belgium
Zillebeke;WV;West Vlaanderen;BE;Belgium
Zuidschote;WV;West Vlaanderen;BE;Belgium
Zuienkerke;WV;West Vlaanderen;BE;Belgium
Zwevegem;WV;West Vlaanderen;BE;Belgium