Aalsmeer;NH;Noord-Holland;NL;Netherlands
Aalsmeerderbrug;NH;Noord-Holland;NL;Netherlands
Aartswoud;NH;Noord-Holland;NL;Netherlands
Abbekerk;NH;Noord-Holland;NL;Netherlands
Abbenes;NH;Noord-Holland;NL;Netherlands
Aerdenhout;NH;Noord-Holland;NL;Netherlands
Akersloot;NH;Noord-Holland;NL;Netherlands
Alkmaar;NH;Noord-Holland;NL;Netherlands
Amstelveen;NH;Noord-Holland;NL;Netherlands
Amsterdam;NH;Noord-Holland;NL;Netherlands
Amsterdam Zuidoost;NH;Noord-Holland;NL;Netherlands
Andijk;NH;Noord-Holland;NL;Netherlands
Ankeveen;NH;Noord-Holland;NL;Netherlands
Anna Paulowna;NH;Noord-Holland;NL;Netherlands
Assendelft;NH;Noord-Holland;NL;Netherlands
Avenhorn;NH;Noord-Holland;NL;Netherlands
Badhoevedorp;NH;Noord-Holland;NL;Netherlands
Barsingerhorn;NH;Noord-Holland;NL;Netherlands
Beets NH;NH;Noord-Holland;NL;Netherlands
Beinsdorp;NH;Noord-Holland;NL;Netherlands
Bennebroek;NH;Noord-Holland;NL;Netherlands
Benningbroek;NH;Noord-Holland;NL;Netherlands
Bentveld;NH;Noord-Holland;NL;Netherlands
Bergen Aan Zee;NH;Noord-Holland;NL;Netherlands
Bergen NH;NH;Noord-Holland;NL;Netherlands
Berkhout;NH;Noord-Holland;NL;Netherlands
Beverwijk;NH;Noord-Holland;NL;Netherlands
Blaricum;NH;Noord-Holland;NL;Netherlands
Bloemendaal;NH;Noord-Holland;NL;Netherlands
Blokker;NH;Noord-Holland;NL;Netherlands
Boesingheliede;NH;Noord-Holland;NL;Netherlands
Bovenkarspel;NH;Noord-Holland;NL;Netherlands
Breezand;NH;Noord-Holland;NL;Netherlands
Breukeleveen;NH;Noord-Holland;NL;Netherlands
Broek in Waterland;NH;Noord-Holland;NL;Netherlands
Broek op Langedijk;NH;Noord-Holland;NL;Netherlands
Buitenkaag;NH;Noord-Holland;NL;Netherlands
Burgerbrug;NH;Noord-Holland;NL;Netherlands
Burgerveen;NH;Noord-Holland;NL;Netherlands
Bussum;NH;Noord-Holland;NL;Netherlands
Callantsoog;NH;Noord-Holland;NL;Netherlands
Castricum;NH;Noord-Holland;NL;Netherlands
Cruquius;NH;Noord-Holland;NL;Netherlands
De Cocksdorp;NH;Noord-Holland;NL;Netherlands
De Goorn;NH;Noord-Holland;NL;Netherlands
De Koog;NH;Noord-Holland;NL;Netherlands
De Kwakel;NH;Noord-Holland;NL;Netherlands
De Rijp;NH;Noord-Holland;NL;Netherlands
De Waal;NH;Noord-Holland;NL;Netherlands
De Weere;NH;Noord-Holland;NL;Netherlands
De Woude;NH;Noord-Holland;NL;Netherlands
Den Burg;NH;Noord-Holland;NL;Netherlands
Den Helder;NH;Noord-Holland;NL;Netherlands
Den Hoorn (Texel);NH;Noord-Holland;NL;Netherlands
Den Ilp;NH;Noord-Holland;NL;Netherlands
Den Oever;NH;Noord-Holland;NL;Netherlands
Diemen;NH;Noord-Holland;NL;Netherlands
Dirkshorn;NH;Noord-Holland;NL;Netherlands
Driehuis NH;NH;Noord-Holland;NL;Netherlands
Driehuizen;NH;Noord-Holland;NL;Netherlands
Duivendrecht;NH;Noord-Holland;NL;Netherlands
Edam;NH;Noord-Holland;NL;Netherlands
Egmond aan den Hoef;NH;Noord-Holland;NL;Netherlands
Egmond aan Zee;NH;Noord-Holland;NL;Netherlands
Egmond-Binnen;NH;Noord-Holland;NL;Netherlands
Enkhuizen;NH;Noord-Holland;NL;Netherlands
Graft;NH;Noord-Holland;NL;Netherlands
Groet;NH;Noord-Holland;NL;Netherlands
Grootebroek;NH;Noord-Holland;NL;Netherlands
Grootschermer;NH;Noord-Holland;NL;Netherlands
Haarlem;NH;Noord-Holland;NL;Netherlands
Haarlemmerliede;NH;Noord-Holland;NL;Netherlands
Halfweg NH;NH;Noord-Holland;NL;Netherlands
Hauwert;NH;Noord-Holland;NL;Netherlands
Heemskerk;NH;Noord-Holland;NL;Netherlands
Heemstede;NH;Noord-Holland;NL;Netherlands
Heerhugowaard;NH;Noord-Holland;NL;Netherlands
Heiloo;NH;Noord-Holland;NL;Netherlands
Hem;NH;Noord-Holland;NL;Netherlands
Hensbroek;NH;Noord-Holland;NL;Netherlands
Hilversum;NH;Noord-Holland;NL;Netherlands
Hippolytushoef;NH;Noord-Holland;NL;Netherlands
Hobrede;NH;Noord-Holland;NL;Netherlands
Hoofddorp;NH;Noord-Holland;NL;Netherlands
Hoogkarspel;NH;Noord-Holland;NL;Netherlands
Hoogwoud;NH;Noord-Holland;NL;Netherlands
Hoorn NH;NH;Noord-Holland;NL;Netherlands
Huizen;NH;Noord-Holland;NL;Netherlands
Ijmuiden;NH;Noord-Holland;NL;Netherlands
Ilpendam;NH;Noord-Holland;NL;Netherlands
Jisp;NH;Noord-Holland;NL;Netherlands
Katwoude;NH;Noord-Holland;NL;Netherlands
Koedijk;NH;Noord-Holland;NL;Netherlands
Kolhorn;NH;Noord-Holland;NL;Netherlands
Koog Aan De Zaan;NH;Noord-Holland;NL;Netherlands
Kortenhoef;NH;Noord-Holland;NL;Netherlands
Kreileroord;NH;Noord-Holland;NL;Netherlands
Krommenie;NH;Noord-Holland;NL;Netherlands
Kudelstaart;NH;Noord-Holland;NL;Netherlands
Kwadijk;NH;Noord-Holland;NL;Netherlands
Lambertschaag;NH;Noord-Holland;NL;Netherlands
Landsmeer;NH;Noord-Holland;NL;Netherlands
Laren NH;NH;Noord-Holland;NL;Netherlands
Leimuiderbrug;NH;Noord-Holland;NL;Netherlands
Lijnden;NH;Noord-Holland;NL;Netherlands
Limmen;NH;Noord-Holland;NL;Netherlands
Lisserbroek;NH;Noord-Holland;NL;Netherlands
Loosdrecht;NH;Noord-Holland;NL;Netherlands
Luchthaven Schiphol;NH;Noord-Holland;NL;Netherlands
Lutjebroek;NH;Noord-Holland;NL;Netherlands
Lutjewinkel;NH;Noord-Holland;NL;Netherlands
Marken;NH;Noord-Holland;NL;Netherlands
Markenbinnen;NH;Noord-Holland;NL;Netherlands
Medemblik;NH;Noord-Holland;NL;Netherlands
Middelie;NH;Noord-Holland;NL;Netherlands
Middenbeemster;NH;Noord-Holland;NL;Netherlands
Middenmeer;NH;Noord-Holland;NL;Netherlands
Midwoud;NH;Noord-Holland;NL;Netherlands
Monnickendam;NH;Noord-Holland;NL;Netherlands
Muiden;NH;Noord-Holland;NL;Netherlands
Muiderberg;NH;Noord-Holland;NL;Netherlands
Naarden;NH;Noord-Holland;NL;Netherlands
Nederhorst Den Berg;NH;Noord-Holland;NL;Netherlands
Nibbixwoud;NH;Noord-Holland;NL;Netherlands
Nieuw Vennep;NH;Noord-Holland;NL;Netherlands
Nieuwe Niedorp;NH;Noord-Holland;NL;Netherlands
Noordbeemster;NH;Noord-Holland;NL;Netherlands
Noordeinde NH;NH;Noord-Holland;NL;Netherlands
Noord-Scharwoude;NH;Noord-Holland;NL;Netherlands
Obdam;NH;Noord-Holland;NL;Netherlands
Oost Graftdijk;NH;Noord-Holland;NL;Netherlands
Oosterblokker;NH;Noord-Holland;NL;Netherlands
Oosterend NH;NH;Noord-Holland;NL;Netherlands
Oosterleek;NH;Noord-Holland;NL;Netherlands
Oosthuizen;NH;Noord-Holland;NL;Netherlands
Oostknollendam;NH;Noord-Holland;NL;Netherlands
Oostwoud;NH;Noord-Holland;NL;Netherlands
Oostzaan;NH;Noord-Holland;NL;Netherlands
Opmeer;NH;Noord-Holland;NL;Netherlands
Opperdoes;NH;Noord-Holland;NL;Netherlands
Oterleek;NH;Noord-Holland;NL;Netherlands
Oude Meer;NH;Noord-Holland;NL;Netherlands
Oude Niedorp;NH;Noord-Holland;NL;Netherlands
Oudendijk NH;NH;Noord-Holland;NL;Netherlands
Ouderkerk Aan De Amstel;NH;Noord-Holland;NL;Netherlands
Oudeschild;NH;Noord-Holland;NL;Netherlands
Oudesluis;NH;Noord-Holland;NL;Netherlands
Oudkarspel;NH;Noord-Holland;NL;Netherlands
Oudorp NH;NH;Noord-Holland;NL;Netherlands
Overveen;NH;Noord-Holland;NL;Netherlands
Petten;NH;Noord-Holland;NL;Netherlands
Purmer;NH;Noord-Holland;NL;Netherlands
Purmerend;NH;Noord-Holland;NL;Netherlands
Purmerland;NH;Noord-Holland;NL;Netherlands
Rijsenhout;NH;Noord-Holland;NL;Netherlands
Rozenburg NH;NH;Noord-Holland;NL;Netherlands
Santpoort-Noord;NH;Noord-Holland;NL;Netherlands
Santpoort-Zuid;NH;Noord-Holland;NL;Netherlands
Schagen;NH;Noord-Holland;NL;Netherlands
Schagerbrug;NH;Noord-Holland;NL;Netherlands
Schardam;NH;Noord-Holland;NL;Netherlands
Scharwoude;NH;Noord-Holland;NL;Netherlands
Schellinkhout;NH;Noord-Holland;NL;Netherlands
Schermerhorn;NH;Noord-Holland;NL;Netherlands
Schiphol;NH;Noord-Holland;NL;Netherlands
Schiphol-Rijk;NH;Noord-Holland;NL;Netherlands
Schoorl;NH;Noord-Holland;NL;Netherlands
's Graveland;NH;Noord-Holland;NL;Netherlands
Sijbekarspel;NH;Noord-Holland;NL;Netherlands
Sint Maarten;NH;Noord-Holland;NL;Netherlands
Sint Maartensbrug;NH;Noord-Holland;NL;Netherlands
Sint Maartensvlotbrug;NH;Noord-Holland;NL;Netherlands
Sint Pancras;NH;Noord-Holland;NL;Netherlands
Slootdorp;NH;Noord-Holland;NL;Netherlands
Spaarndam;NH;Noord-Holland;NL;Netherlands
Spaarndam West;NH;Noord-Holland;NL;Netherlands
Spanbroek;NH;Noord-Holland;NL;Netherlands
Spierdijk;NH;Noord-Holland;NL;Netherlands
Spijkerboor NH;NH;Noord-Holland;NL;Netherlands
Starnmeer;NH;Noord-Holland;NL;Netherlands
Stompetoren;NH;Noord-Holland;NL;Netherlands
't Veld;NH;Noord-Holland;NL;Netherlands
't Zand NH;NH;Noord-Holland;NL;Netherlands
Tuitjenhorn;NH;Noord-Holland;NL;Netherlands
Twisk;NH;Noord-Holland;NL;Netherlands
Uitdam;NH;Noord-Holland;NL;Netherlands
Uitgeest;NH;Noord-Holland;NL;Netherlands
Uithoorn;NH;Noord-Holland;NL;Netherlands
Ursem;NH;Noord-Holland;NL;Netherlands
Ursem Gem Schermer;NH;Noord-Holland;NL;Netherlands
Velsen-Noord;NH;Noord-Holland;NL;Netherlands
Velsen-Zuid;NH;Noord-Holland;NL;Netherlands
Velserbroek;NH;Noord-Holland;NL;Netherlands
Venhuizen;NH;Noord-Holland;NL;Netherlands
Vijfhuizen;NH;Noord-Holland;NL;Netherlands
Vogelenzang;NH;Noord-Holland;NL;Netherlands
Volendam;NH;Noord-Holland;NL;Netherlands
Waarland;NH;Noord-Holland;NL;Netherlands
Warder;NH;Noord-Holland;NL;Netherlands
Warmenhuizen;NH;Noord-Holland;NL;Netherlands
Watergang;NH;Noord-Holland;NL;Netherlands
Weesp;NH;Noord-Holland;NL;Netherlands
Wervershoof;NH;Noord-Holland;NL;Netherlands
West Graftdijk;NH;Noord-Holland;NL;Netherlands
Westbeemster;NH;Noord-Holland;NL;Netherlands
Westerland;NH;Noord-Holland;NL;Netherlands
Westknollendam;NH;Noord-Holland;NL;Netherlands
Westwoud;NH;Noord-Holland;NL;Netherlands
Westzaan;NH;Noord-Holland;NL;Netherlands
Weteringbrug;NH;Noord-Holland;NL;Netherlands
Wieringerwaard;NH;Noord-Holland;NL;Netherlands
Wieringerwerf;NH;Noord-Holland;NL;Netherlands
Wijdenes;NH;Noord-Holland;NL;Netherlands
Wijdewormer;NH;Noord-Holland;NL;Netherlands
Wijk Aan Zee;NH;Noord-Holland;NL;Netherlands
Winkel;NH;Noord-Holland;NL;Netherlands
Wognum;NH;Noord-Holland;NL;Netherlands
Wormer;NH;Noord-Holland;NL;Netherlands
Wormerveer;NH;Noord-Holland;NL;Netherlands
Zaandam;NH;Noord-Holland;NL;Netherlands
Zaandijk;NH;Noord-Holland;NL;Netherlands
Zandvoort;NH;Noord-Holland;NL;Netherlands
Zijdewind;NH;Noord-Holland;NL;Netherlands
Zuidermeer;NH;Noord-Holland;NL;Netherlands
Zuiderwoude;NH;Noord-Holland;NL;Netherlands
Zuidoostbeemster;NH;Noord-Holland;NL;Netherlands
Zuid-Scharwoude;NH;Noord-Holland;NL;Netherlands
Zuidschermer;NH;Noord-Holland;NL;Netherlands
Zwaag;NH;Noord-Holland;NL;Netherlands
Zwaagdijk;NH;Noord-Holland;NL;Netherlands
Zwaanshoek;NH;Noord-Holland;NL;Netherlands
Zwanenburg;NH;Noord-Holland;NL;Netherlands
Aarlanderveen;ZH;Zuid-Holland;NL;Netherlands
Abbenbroek;ZH;Zuid-Holland;NL;Netherlands
Achthuizen;ZH;Zuid-Holland;NL;Netherlands
Alblasserdam;ZH;Zuid-Holland;NL;Netherlands
Alphen Aan Den Rijn;ZH;Zuid-Holland;NL;Netherlands
Ameide;ZH;Zuid-Holland;NL;Netherlands
Ammerstol;ZH;Zuid-Holland;NL;Netherlands
Arkel;ZH;Zuid-Holland;NL;Netherlands
Barendrecht;ZH;Zuid-Holland;NL;Netherlands
Benthuizen;ZH;Zuid-Holland;NL;Netherlands
Bergambacht;ZH;Zuid-Holland;NL;Netherlands
Bergschenhoek;ZH;Zuid-Holland;NL;Netherlands
Berkel En Rodenrijs;ZH;Zuid-Holland;NL;Netherlands
Berkenwoude;ZH;Zuid-Holland;NL;Netherlands
Bleiswijk;ZH;Zuid-Holland;NL;Netherlands
Bleskensgraaf CA;ZH;Zuid-Holland;NL;Netherlands
Bodegraven;ZH;Zuid-Holland;NL;Netherlands
Boskoop;ZH;Zuid-Holland;NL;Netherlands
Botlek Rotterdam;ZH;Zuid-Holland;NL;Netherlands
Brandwijk;ZH;Zuid-Holland;NL;Netherlands
Brielle;ZH;Zuid-Holland;NL;Netherlands
Capelle Aan Den Ijssel;ZH;Zuid-Holland;NL;Netherlands
Dalem;ZH;Zuid-Holland;NL;Netherlands
De Lier;ZH;Zuid-Holland;NL;Netherlands
De Zilk;ZH;Zuid-Holland;NL;Netherlands
Delfgauw;ZH;Zuid-Holland;NL;Netherlands
Delft;ZH;Zuid-Holland;NL;Netherlands
Den Bommel;ZH;Zuid-Holland;NL;Netherlands
Den Haag;ZH;Zuid-Holland;NL;Netherlands
Den Hoorn ZH;ZH;Zuid-Holland;NL;Netherlands
Dirksland;ZH;Zuid-Holland;NL;Netherlands
Dordrecht;ZH;Zuid-Holland;NL;Netherlands
Driebruggen;ZH;Zuid-Holland;NL;Netherlands
Europoort Rotterdam;ZH;Zuid-Holland;NL;Netherlands
Geervliet;ZH;Zuid-Holland;NL;Netherlands
Gelderswoude;ZH;Zuid-Holland;NL;Netherlands
Giessenburg;ZH;Zuid-Holland;NL;Netherlands
Goedereede;ZH;Zuid-Holland;NL;Netherlands
Gorinchem;ZH;Zuid-Holland;NL;Netherlands
Gouda;ZH;Zuid-Holland;NL;Netherlands
Gouderak;ZH;Zuid-Holland;NL;Netherlands
Goudriaan;ZH;Zuid-Holland;NL;Netherlands
Goudswaard;ZH;Zuid-Holland;NL;Netherlands
Groot Ammers;ZH;Zuid-Holland;NL;Netherlands
Haastrecht;ZH;Zuid-Holland;NL;Netherlands
Hardinxveld Giessendam;ZH;Zuid-Holland;NL;Netherlands
Hazerswoude Dorp;ZH;Zuid-Holland;NL;Netherlands
Hazerswoude Rijndijk;ZH;Zuid-Holland;NL;Netherlands
Heenvliet;ZH;Zuid-Holland;NL;Netherlands
Heerjansdam;ZH;Zuid-Holland;NL;Netherlands
Hei En Boeicop;ZH;Zuid-Holland;NL;Netherlands
Heinenoord;ZH;Zuid-Holland;NL;Netherlands
Hekelingen;ZH;Zuid-Holland;NL;Netherlands
Hellevoetsluis;ZH;Zuid-Holland;NL;Netherlands
Hendrik Ido Ambacht;ZH;Zuid-Holland;NL;Netherlands
Herkingen;ZH;Zuid-Holland;NL;Netherlands
Hillegom;ZH;Zuid-Holland;NL;Netherlands
Hoek Van Holland;ZH;Zuid-Holland;NL;Netherlands
Honselersdijk;ZH;Zuid-Holland;NL;Netherlands
Hoogblokland;ZH;Zuid-Holland;NL;Netherlands
Hoogmade;ZH;Zuid-Holland;NL;Netherlands
Hoogvliet Rotterdam;ZH;Zuid-Holland;NL;Netherlands
Hoornaar;ZH;Zuid-Holland;NL;Netherlands
Kaag;ZH;Zuid-Holland;NL;Netherlands
Katwijk ZH;ZH;Zuid-Holland;NL;Netherlands
Kedichem;ZH;Zuid-Holland;NL;Netherlands
Kinderdijk;ZH;Zuid-Holland;NL;Netherlands
Klaaswaal;ZH;Zuid-Holland;NL;Netherlands
Koudekerk Aan Den Rijn;ZH;Zuid-Holland;NL;Netherlands
Krimpen Aan De Lek;ZH;Zuid-Holland;NL;Netherlands
Krimpen Aan Den Ijssel;ZH;Zuid-Holland;NL;Netherlands
Kwintsheul;ZH;Zuid-Holland;NL;Netherlands
Langerak ZH;ZH;Zuid-Holland;NL;Netherlands
Leerbroek;ZH;Zuid-Holland;NL;Netherlands
Leerdam;ZH;Zuid-Holland;NL;Netherlands
Leiden;ZH;Zuid-Holland;NL;Netherlands
Leiderdorp;ZH;Zuid-Holland;NL;Netherlands
Leidschendam;ZH;Zuid-Holland;NL;Netherlands
Leimuiden;ZH;Zuid-Holland;NL;Netherlands
Lekkerkerk;ZH;Zuid-Holland;NL;Netherlands
Lexmond;ZH;Zuid-Holland;NL;Netherlands
Lisse;ZH;Zuid-Holland;NL;Netherlands
Maasdam;ZH;Zuid-Holland;NL;Netherlands
Maasdijk;ZH;Zuid-Holland;NL;Netherlands
Maasland;ZH;Zuid-Holland;NL;Netherlands
Maassluis;ZH;Zuid-Holland;NL;Netherlands
Maasvlakte Rotterdam;ZH;Zuid-Holland;NL;Netherlands
Meerkerk;ZH;Zuid-Holland;NL;Netherlands
Melissant;ZH;Zuid-Holland;NL;Netherlands
Middelharnis;ZH;Zuid-Holland;NL;Netherlands
Mijnsheerenland;ZH;Zuid-Holland;NL;Netherlands
Moerkapelle;ZH;Zuid-Holland;NL;Netherlands
Molenaarsgraaf;ZH;Zuid-Holland;NL;Netherlands
Monster;ZH;Zuid-Holland;NL;Netherlands
Mookhoek;ZH;Zuid-Holland;NL;Netherlands
Moordrecht;ZH;Zuid-Holland;NL;Netherlands
Naaldwijk;ZH;Zuid-Holland;NL;Netherlands
Nieuw Beijerland;ZH;Zuid-Holland;NL;Netherlands
Nieuw Lekkerland;ZH;Zuid-Holland;NL;Netherlands
Nieuwe Tonge;ZH;Zuid-Holland;NL;Netherlands
Nieuwe Wetering;ZH;Zuid-Holland;NL;Netherlands
Nieuwerbrug;ZH;Zuid-Holland;NL;Netherlands
Nieuwerkerk Ad Ijssel;ZH;Zuid-Holland;NL;Netherlands
Nieuwkoop;ZH;Zuid-Holland;NL;Netherlands
Nieuwland;ZH;Zuid-Holland;NL;Netherlands
Nieuwpoort;ZH;Zuid-Holland;NL;Netherlands
Nieuwveen;ZH;Zuid-Holland;NL;Netherlands
Noordeloos;ZH;Zuid-Holland;NL;Netherlands
Noorden;ZH;Zuid-Holland;NL;Netherlands
Noordwijk ZH;ZH;Zuid-Holland;NL;Netherlands
Noordwijkerhout;ZH;Zuid-Holland;NL;Netherlands
Nootdorp;ZH;Zuid-Holland;NL;Netherlands
Numansdorp;ZH;Zuid-Holland;NL;Netherlands
Oegstgeest;ZH;Zuid-Holland;NL;Netherlands
Ooltgensplaat;ZH;Zuid-Holland;NL;Netherlands
Oosterwijk;ZH;Zuid-Holland;NL;Netherlands
Oostvoorne;ZH;Zuid-Holland;NL;Netherlands
Ottoland;ZH;Zuid-Holland;NL;Netherlands
Oud Ade;ZH;Zuid-Holland;NL;Netherlands
Oud Alblas;ZH;Zuid-Holland;NL;Netherlands
Oud Beijerland;ZH;Zuid-Holland;NL;Netherlands
Ouddorp ZH;ZH;Zuid-Holland;NL;Netherlands
Oude Wetering;ZH;Zuid-Holland;NL;Netherlands
Oudenhoorn;ZH;Zuid-Holland;NL;Netherlands
Ouderkerk Aan Den Ijssel;ZH;Zuid-Holland;NL;Netherlands
Oude-Tonge;ZH;Zuid-Holland;NL;Netherlands
Papendrecht;ZH;Zuid-Holland;NL;Netherlands
Pernis Rotterdam;ZH;Zuid-Holland;NL;Netherlands
Piershil;ZH;Zuid-Holland;NL;Netherlands
Pijnacker;ZH;Zuid-Holland;NL;Netherlands
Poeldijk;ZH;Zuid-Holland;NL;Netherlands
Poortugaal;ZH;Zuid-Holland;NL;Netherlands
Puttershoek;ZH;Zuid-Holland;NL;Netherlands
Reeuwijk;ZH;Zuid-Holland;NL;Netherlands
Rhoon;ZH;Zuid-Holland;NL;Netherlands
Ridderkerk;ZH;Zuid-Holland;NL;Netherlands
Rijnsaterwoude;ZH;Zuid-Holland;NL;Netherlands
Rijnsburg;ZH;Zuid-Holland;NL;Netherlands
Rijpwetering;ZH;Zuid-Holland;NL;Netherlands
Rijswijk ZH;ZH;Zuid-Holland;NL;Netherlands
Rockanje;ZH;Zuid-Holland;NL;Netherlands
Roelofarendsveen;ZH;Zuid-Holland;NL;Netherlands
Rotterdam;ZH;Zuid-Holland;NL;Netherlands
Rotterdam Albrands;ZH;Zuid-Holland;NL;Netherlands
Rozenburg ZH;ZH;Zuid-Holland;NL;Netherlands
Sassenheim;ZH;Zuid-Holland;NL;Netherlands
Schelluinen;ZH;Zuid-Holland;NL;Netherlands
Schiedam;ZH;Zuid-Holland;NL;Netherlands
Schipluiden;ZH;Zuid-Holland;NL;Netherlands
Schoonhoven;ZH;Zuid-Holland;NL;Netherlands
Schoonrewoerd;ZH;Zuid-Holland;NL;Netherlands
's Gravendeel;ZH;Zuid-Holland;NL;Netherlands
's Gravenzande;ZH;Zuid-Holland;NL;Netherlands
Simonshaven;ZH;Zuid-Holland;NL;Netherlands
Sliedrecht;ZH;Zuid-Holland;NL;Netherlands
Sommelsdijk;ZH;Zuid-Holland;NL;Netherlands
Spijkenisse;ZH;Zuid-Holland;NL;Netherlands
Stad aan 't Haringvliet;ZH;Zuid-Holland;NL;Netherlands
Stellendam;ZH;Zuid-Holland;NL;Netherlands
Stolwijk;ZH;Zuid-Holland;NL;Netherlands
Streefkerk;ZH;Zuid-Holland;NL;Netherlands
Strijen;ZH;Zuid-Holland;NL;Netherlands
Strijensas;ZH;Zuid-Holland;NL;Netherlands
Ter Aar;ZH;Zuid-Holland;NL;Netherlands
Ter Heijde;ZH;Zuid-Holland;NL;Netherlands
Tienhoven ZH;ZH;Zuid-Holland;NL;Netherlands
Tinte;ZH;Zuid-Holland;NL;Netherlands
Valkenburg ZH;ZH;Zuid-Holland;NL;Netherlands
Vierpolders;ZH;Zuid-Holland;NL;Netherlands
Vlaardingen;ZH;Zuid-Holland;NL;Netherlands
Vlist;ZH;Zuid-Holland;NL;Netherlands
Vondelingenplaat RT;ZH;Zuid-Holland;NL;Netherlands
Voorburg;ZH;Zuid-Holland;NL;Netherlands
Voorhout;ZH;Zuid-Holland;NL;Netherlands
Voorschoten;ZH;Zuid-Holland;NL;Netherlands
Vrouwenakker;ZH;Zuid-Holland;NL;Netherlands
Waal;ZH;Zuid-Holland;NL;Netherlands
Waarder;ZH;Zuid-Holland;NL;Netherlands
Waddinxveen;ZH;Zuid-Holland;NL;Netherlands
Warmond;ZH;Zuid-Holland;NL;Netherlands
Wassenaar;ZH;Zuid-Holland;NL;Netherlands
Wateringen;ZH;Zuid-Holland;NL;Netherlands
Westmaas;ZH;Zuid-Holland;NL;Netherlands
Wijngaarden ZH;ZH;Zuid-Holland;NL;Netherlands
Woerdense Verlaat;ZH;Zuid-Holland;NL;Netherlands
Woubrugge;ZH;Zuid-Holland;NL;Netherlands
Zevenhoven;ZH;Zuid-Holland;NL;Netherlands
Zevenhuizen ZH;ZH;Zuid-Holland;NL;Netherlands
Zoetermeer;ZH;Zuid-Holland;NL;Netherlands
Zoeterwoude;ZH;Zuid-Holland;NL;Netherlands
Zuid-Beijerland;ZH;Zuid-Holland;NL;Netherlands
Zuidland;ZH;Zuid-Holland;NL;Netherlands
Zwammerdam;ZH;Zuid-Holland;NL;Netherlands
Zwartewaal;ZH;Zuid-Holland;NL;Netherlands
Zwijndrecht;ZH;Zuid-Holland;NL;Netherlands
Abcoude;UT;Utrecht;NL;Netherlands
Achterveld;UT;Utrecht;NL;Netherlands
Amerongen;UT;Utrecht;NL;Netherlands
Amersfoort;UT;Utrecht;NL;Netherlands
Amstelhoek;UT;Utrecht;NL;Netherlands
Austerlitz;UT;Utrecht;NL;Netherlands
Baambrugge;UT;Utrecht;NL;Netherlands
Baarn;UT;Utrecht;NL;Netherlands
Benschop;UT;Utrecht;NL;Netherlands
Bilthoven;UT;Utrecht;NL;Netherlands
Bosch En Duin;UT;Utrecht;NL;Netherlands
Breukelen UT;UT;Utrecht;NL;Netherlands
Bunnik;UT;Utrecht;NL;Netherlands
Bunschoten Spakenburg;UT;Utrecht;NL;Netherlands
Cothen;UT;Utrecht;NL;Netherlands
De Bilt;UT;Utrecht;NL;Netherlands
De Hoef;UT;Utrecht;NL;Netherlands
De Meern;UT;Utrecht;NL;Netherlands
Den Dolder;UT;Utrecht;NL;Netherlands
Doorn;UT;Utrecht;NL;Netherlands
Driebergen-Rijsenburg;UT;Utrecht;NL;Netherlands
Eemdijk;UT;Utrecht;NL;Netherlands
Eemnes;UT;Utrecht;NL;Netherlands
Elst UT;UT;Utrecht;NL;Netherlands
Everdingen;UT;Utrecht;NL;Netherlands
Groenekan;UT;Utrecht;NL;Netherlands
Haarzuilens;UT;Utrecht;NL;Netherlands
Hagestein;UT;Utrecht;NL;Netherlands
Harmelen;UT;Utrecht;NL;Netherlands
Hekendorp;UT;Utrecht;NL;Netherlands
Hollandsche Rading;UT;Utrecht;NL;Netherlands
Hoogland;UT;Utrecht;NL;Netherlands
Hooglanderveen;UT;Utrecht;NL;Netherlands
Houten;UT;Utrecht;NL;Netherlands
Huis Ter Heide UT;UT;Utrecht;NL;Netherlands
Ijsselstein UT;UT;Utrecht;NL;Netherlands
Jaarsveld;UT;Utrecht;NL;Netherlands
Kamerik;UT;Utrecht;NL;Netherlands
Kockengen;UT;Utrecht;NL;Netherlands
Lage Vuursche;UT;Utrecht;NL;Netherlands
Langbroek;UT;Utrecht;NL;Netherlands
Leersum;UT;Utrecht;NL;Netherlands
Leusden;UT;Utrecht;NL;Netherlands
Linschoten;UT;Utrecht;NL;Netherlands
Loenen Aan De Vecht;UT;Utrecht;NL;Netherlands
Loenersloot;UT;Utrecht;NL;Netherlands
Lopik;UT;Utrecht;NL;Netherlands
Lopikerkapel;UT;Utrecht;NL;Netherlands
Maarn;UT;Utrecht;NL;Netherlands
Maarsbergen;UT;Utrecht;NL;Netherlands
Maarssen;UT;Utrecht;NL;Netherlands
Maartensdijk;UT;Utrecht;NL;Netherlands
Mijdrecht;UT;Utrecht;NL;Netherlands
Montfoort;UT;Utrecht;NL;Netherlands
Nieuwegein;UT;Utrecht;NL;Netherlands
Nieuwer Ter Aa;UT;Utrecht;NL;Netherlands
Nieuwersluis;UT;Utrecht;NL;Netherlands
Nigtevecht;UT;Utrecht;NL;Netherlands
Odijk;UT;Utrecht;NL;Netherlands
Ossenwaard UT;UT;Utrecht;NL;Netherlands
Oud Zuilen;UT;Utrecht;NL;Netherlands
Oudewater;UT;Utrecht;NL;Netherlands
Overberg;UT;Utrecht;NL;Netherlands
Papekop;UT;Utrecht;NL;Netherlands
Polsbroek;UT;Utrecht;NL;Netherlands
Renswoude;UT;Utrecht;NL;Netherlands
Rhenen;UT;Utrecht;NL;Netherlands
Schalkwijk;UT;Utrecht;NL;Netherlands
Snelrewaard;UT;Utrecht;NL;Netherlands
Soest;UT;Utrecht;NL;Netherlands
Soesterberg;UT;Utrecht;NL;Netherlands
Stoutenburg;UT;Utrecht;NL;Netherlands
Stoutenburg Noord;UT;Utrecht;NL;Netherlands
't Goy;UT;Utrecht;NL;Netherlands
Tienhoven UT;UT;Utrecht;NL;Netherlands
Tull en 't Waal;UT;Utrecht;NL;Netherlands
Utrecht;UT;Utrecht;NL;Netherlands
Veenendaal;UT;Utrecht;NL;Netherlands
Vianen UT;UT;Utrecht;NL;Netherlands
Vinkeveen;UT;Utrecht;NL;Netherlands
Vleuten;UT;Utrecht;NL;Netherlands
Vreeland;UT;Utrecht;NL;Netherlands
Waverveen;UT;Utrecht;NL;Netherlands
Werkhoven;UT;Utrecht;NL;Netherlands
Westbroek;UT;Utrecht;NL;Netherlands
Wijk Bij Duurstede;UT;Utrecht;NL;Netherlands
Wilnis;UT;Utrecht;NL;Netherlands
Woerden;UT;Utrecht;NL;Netherlands
Woudenberg;UT;Utrecht;NL;Netherlands
Zegveld;UT;Utrecht;NL;Netherlands
Zeist;UT;Utrecht;NL;Netherlands
Zijderveld;UT;Utrecht;NL;Netherlands
Aalden;DR;Drenthe;NL;Netherlands
Alteveer Gem. De Wolden;DR;Drenthe;NL;Netherlands
Alteveer Gem. Hoogeveen;DR;Drenthe;NL;Netherlands
Alteveer Gem. Noordenveld;DR;Drenthe;NL;Netherlands
Amen;DR;Drenthe;NL;Netherlands
Anderen;DR;Drenthe;NL;Netherlands
Anloo;DR;Drenthe;NL;Netherlands
Annen;DR;Drenthe;NL;Netherlands
Annerveensche Kanaal;DR;Drenthe;NL;Netherlands
Ansen;DR;Drenthe;NL;Netherlands
Assen;DR;Drenthe;NL;Netherlands
Balinge;DR;Drenthe;NL;Netherlands
Balloerveld;DR;Drenthe;NL;Netherlands
Balloo;DR;Drenthe;NL;Netherlands
Barger Compascuum;DR;Drenthe;NL;Netherlands
Beilen;DR;Drenthe;NL;Netherlands
Benneveld;DR;Drenthe;NL;Netherlands
Borger;DR;Drenthe;NL;Netherlands
Boschoord;DR;Drenthe;NL;Netherlands
Bovensmilde;DR;Drenthe;NL;Netherlands
Broekhuizen DR;DR;Drenthe;NL;Netherlands
Bronneger;DR;Drenthe;NL;Netherlands
Bronnegerveen;DR;Drenthe;NL;Netherlands
Bruntinge;DR;Drenthe;NL;Netherlands
Buinen;DR;Drenthe;NL;Netherlands
Buinerveen;DR;Drenthe;NL;Netherlands
Bunne;DR;Drenthe;NL;Netherlands
Coevorden;DR;Drenthe;NL;Netherlands
Dalen;DR;Drenthe;NL;Netherlands
Dalerpeel;DR;Drenthe;NL;Netherlands
Dalerveen;DR;Drenthe;NL;Netherlands
Darp;DR;Drenthe;NL;Netherlands
De Groeve;DR;Drenthe;NL;Netherlands
De Kiel;DR;Drenthe;NL;Netherlands
De Punt;DR;Drenthe;NL;Netherlands
De Schiphorst;DR;Drenthe;NL;Netherlands
De Wijk;DR;Drenthe;NL;Netherlands
Deurze;DR;Drenthe;NL;Netherlands
Diever;DR;Drenthe;NL;Netherlands
Dieverbrug;DR;Drenthe;NL;Netherlands
Diphoorn;DR;Drenthe;NL;Netherlands
Doldersum;DR;Drenthe;NL;Netherlands
Donderen;DR;Drenthe;NL;Netherlands
Drijber;DR;Drenthe;NL;Netherlands
Drogteropslagen;DR;Drenthe;NL;Netherlands
Drouwen;DR;Drenthe;NL;Netherlands
Drouwenermond;DR;Drenthe;NL;Netherlands
Drouwenerveen;DR;Drenthe;NL;Netherlands
Dwingeloo;DR;Drenthe;NL;Netherlands
Echten DR;DR;Drenthe;NL;Netherlands
Eelde;DR;Drenthe;NL;Netherlands
Eelderwolde;DR;Drenthe;NL;Netherlands
Een;DR;Drenthe;NL;Netherlands
Een West;DR;Drenthe;NL;Netherlands
Eerste Exloermond;DR;Drenthe;NL;Netherlands
Ees;DR;Drenthe;NL;Netherlands
Eesergroen;DR;Drenthe;NL;Netherlands
Eeserveen;DR;Drenthe;NL;Netherlands
Eext Eext;DR;Drenthe;NL;Netherlands
Eexterveen;DR;Drenthe;NL;Netherlands
Eexterveensche Kanaal;DR;Drenthe;NL;Netherlands
Eexterzandvoort;DR;Drenthe;NL;Netherlands
Ekehaar;DR;Drenthe;NL;Netherlands
Eldersloo;DR;Drenthe;NL;Netherlands
Eleveld;DR;Drenthe;NL;Netherlands
Elim;DR;Drenthe;NL;Netherlands
Ellertshaar;DR;Drenthe;NL;Netherlands
Elp;DR;Drenthe;NL;Netherlands
Emmen;DR;Drenthe;NL;Netherlands
Emmer Compascuum;DR;Drenthe;NL;Netherlands
Erica;DR;Drenthe;NL;Netherlands
Erm;DR;Drenthe;NL;Netherlands
Eursinge;DR;Drenthe;NL;Netherlands
Eursinge Gem. De Wolden;DR;Drenthe;NL;Netherlands
Exloerveen;DR;Drenthe;NL;Netherlands
Exloo;DR;Drenthe;NL;Netherlands
Fluitenberg;DR;Drenthe;NL;Netherlands
Foxwolde;DR;Drenthe;NL;Netherlands
Frederiksoord;DR;Drenthe;NL;Netherlands
Garminge;DR;Drenthe;NL;Netherlands
Gasselte;DR;Drenthe;NL;Netherlands
Gasselternijveen;DR;Drenthe;NL;Netherlands
Gasselternijveenschemond;DR;Drenthe;NL;Netherlands
Gasteren;DR;Drenthe;NL;Netherlands
Geelbroek;DR;Drenthe;NL;Netherlands
Gees;DR;Drenthe;NL;Netherlands
Geesbrug;DR;Drenthe;NL;Netherlands
Geeuwenbrug;DR;Drenthe;NL;Netherlands
Gieten;DR;Drenthe;NL;Netherlands
Gieterveen;DR;Drenthe;NL;Netherlands
Grolloo;DR;Drenthe;NL;Netherlands
Havelte;DR;Drenthe;NL;Netherlands
Havelterberg;DR;Drenthe;NL;Netherlands
Hijken;DR;Drenthe;NL;Netherlands
Hollandscheveld;DR;Drenthe;NL;Netherlands
Holsloot;DR;Drenthe;NL;Netherlands
Hoogersmilde;DR;Drenthe;NL;Netherlands
Hoogeveen;DR;Drenthe;NL;Netherlands
Hooghalen;DR;Drenthe;NL;Netherlands
Huis Ter Heide DR;DR;Drenthe;NL;Netherlands
Kerkenveld;DR;Drenthe;NL;Netherlands
Klazienaveen;DR;Drenthe;NL;Netherlands
Klijndijk;DR;Drenthe;NL;Netherlands
Koekange;DR;Drenthe;NL;Netherlands
Langelo DR;DR;Drenthe;NL;Netherlands
Leutingewolde;DR;Drenthe;NL;Netherlands
Lieveren;DR;Drenthe;NL;Netherlands
Linde DR;DR;Drenthe;NL;Netherlands
Loon;DR;Drenthe;NL;Netherlands
Mantinge;DR;Drenthe;NL;Netherlands
Marwijksoord;DR;Drenthe;NL;Netherlands
Matsloot;DR;Drenthe;NL;Netherlands
Meppel;DR;Drenthe;NL;Netherlands
Meppen;DR;Drenthe;NL;Netherlands
Midlaren;DR;Drenthe;NL;Netherlands
Nietap;DR;Drenthe;NL;Netherlands
Nieuw Amsterdam;DR;Drenthe;NL;Netherlands
Nieuw Annerveen;DR;Drenthe;NL;Netherlands
Nieuw Balinge;DR;Drenthe;NL;Netherlands
Nieuw Buinen;DR;Drenthe;NL;Netherlands
Nieuw Dordrecht;DR;Drenthe;NL;Netherlands
Nieuw Roden;DR;Drenthe;NL;Netherlands
Nieuw Schoonebeek;DR;Drenthe;NL;Netherlands
Nieuw Weerdinge;DR;Drenthe;NL;Netherlands
Nieuwediep;DR;Drenthe;NL;Netherlands
Nieuweroord;DR;Drenthe;NL;Netherlands
Nieuwlande;DR;Drenthe;NL;Netherlands
Nieuwlande Coevorden;DR;Drenthe;NL;Netherlands
Nijensleek;DR;Drenthe;NL;Netherlands
Nijeveen;DR;Drenthe;NL;Netherlands
Nijlande;DR;Drenthe;NL;Netherlands
Nooitgedacht;DR;Drenthe;NL;Netherlands
Noord Sleen;DR;Drenthe;NL;Netherlands
Noordscheschut;DR;Drenthe;NL;Netherlands
Norg;DR;Drenthe;NL;Netherlands
Odoorn;DR;Drenthe;NL;Netherlands
Odoornerveen;DR;Drenthe;NL;Netherlands
Oosterhesselen;DR;Drenthe;NL;Netherlands
Oranje;DR;Drenthe;NL;Netherlands
Orvelte;DR;Drenthe;NL;Netherlands
Oud Annerveen;DR;Drenthe;NL;Netherlands
Oude Willem;DR;Drenthe;NL;Netherlands
Oudemolen DR;DR;Drenthe;NL;Netherlands
Papenvoort;DR;Drenthe;NL;Netherlands
Paterswolde;DR;Drenthe;NL;Netherlands
Peest;DR;Drenthe;NL;Netherlands
Peize;DR;Drenthe;NL;Netherlands
Pesse;DR;Drenthe;NL;Netherlands
Rhee;DR;Drenthe;NL;Netherlands
Roden;DR;Drenthe;NL;Netherlands
Roderesch;DR;Drenthe;NL;Netherlands
Roderwolde;DR;Drenthe;NL;Netherlands
Rogat;DR;Drenthe;NL;Netherlands
Rolde;DR;Drenthe;NL;Netherlands
Roswinkel;DR;Drenthe;NL;Netherlands
Ruinen;DR;Drenthe;NL;Netherlands
Ruinerwold;DR;Drenthe;NL;Netherlands
Schipborg;DR;Drenthe;NL;Netherlands
Schoonebeek;DR;Drenthe;NL;Netherlands
Schoonloo;DR;Drenthe;NL;Netherlands
Schoonoord;DR;Drenthe;NL;Netherlands
Sleen;DR;Drenthe;NL;Netherlands
Smilde;DR;Drenthe;NL;Netherlands
Spier;DR;Drenthe;NL;Netherlands
Spijkerboor DR;DR;Drenthe;NL;Netherlands
Steenbergen DR;DR;Drenthe;NL;Netherlands
Stieltjeskanaal;DR;Drenthe;NL;Netherlands
Stuifzand;DR;Drenthe;NL;Netherlands
't Haantje;DR;Drenthe;NL;Netherlands
Taarlo;DR;Drenthe;NL;Netherlands
Ter Aard;DR;Drenthe;NL;Netherlands
Tiendeveen;DR;Drenthe;NL;Netherlands
Tweede Exloermond;DR;Drenthe;NL;Netherlands
Tweede Valthermond;DR;Drenthe;NL;Netherlands
Tynaarlo;DR;Drenthe;NL;Netherlands
Ubbena;DR;Drenthe;NL;Netherlands
Uffelte;DR;Drenthe;NL;Netherlands
Valthe;DR;Drenthe;NL;Netherlands
Valthermond;DR;Drenthe;NL;Netherlands
Veenhuizen;DR;Drenthe;NL;Netherlands
Veeningen;DR;Drenthe;NL;Netherlands
Veenoord;DR;Drenthe;NL;Netherlands
Vledder;DR;Drenthe;NL;Netherlands
Vledderveen DR;DR;Drenthe;NL;Netherlands
Vredenheim;DR;Drenthe;NL;Netherlands
Vries;DR;Drenthe;NL;Netherlands
Wachtum;DR;Drenthe;NL;Netherlands
Wapse;DR;Drenthe;NL;Netherlands
Wapserveen;DR;Drenthe;NL;Netherlands
Wateren;DR;Drenthe;NL;Netherlands
Weiteveen;DR;Drenthe;NL;Netherlands
Westdorp;DR;Drenthe;NL;Netherlands
Westerbork;DR;Drenthe;NL;Netherlands
Westervelde;DR;Drenthe;NL;Netherlands
Wezup Wezup;DR;Drenthe;NL;Netherlands
Wezuperbrug;DR;Drenthe;NL;Netherlands
Wijster;DR;Drenthe;NL;Netherlands
Wilhelminaoord;DR;Drenthe;NL;Netherlands
Winde;DR;Drenthe;NL;Netherlands
Wittelte;DR;Drenthe;NL;Netherlands
Witteveen;DR;Drenthe;NL;Netherlands
Yde;DR;Drenthe;NL;Netherlands
Zandberg DR;DR;Drenthe;NL;Netherlands
Zandpol;DR;Drenthe;NL;Netherlands
Zeegse;DR;Drenthe;NL;Netherlands
Zeijen;DR;Drenthe;NL;Netherlands
Zeijerveen;DR;Drenthe;NL;Netherlands
Zeijerveld;DR;Drenthe;NL;Netherlands
Zorgvlied;DR;Drenthe;NL;Netherlands
Zuidlaarderveen;DR;Drenthe;NL;Netherlands
Zuidlaren;DR;Drenthe;NL;Netherlands
Zuidveld;DR;Drenthe;NL;Netherlands
Zuidvelde;DR;Drenthe;NL;Netherlands
Zuidwolde DR;DR;Drenthe;NL;Netherlands
Zwartemeer;DR;Drenthe;NL;Netherlands
Zweeloo;DR;Drenthe;NL;Netherlands
Zwiggelte;DR;Drenthe;NL;Netherlands
Zwinderen;DR;Drenthe;NL;Netherlands
Almere;FL;Flevoland;NL;Netherlands
Bant;FL;Flevoland;NL;Netherlands
Biddinghuizen;FL;Flevoland;NL;Netherlands
Creil;FL;Flevoland;NL;Netherlands
Dronten;FL;Flevoland;NL;Netherlands
Emmeloord;FL;Flevoland;NL;Netherlands
Ens;FL;Flevoland;NL;Netherlands
Espel;FL;Flevoland;NL;Netherlands
Kraggenburg;FL;Flevoland;NL;Netherlands
Lelystad;FL;Flevoland;NL;Netherlands
Luttelgeest;FL;Flevoland;NL;Netherlands
Marknesse;FL;Flevoland;NL;Netherlands
Nagele;FL;Flevoland;NL;Netherlands
Rutten;FL;Flevoland;NL;Netherlands
Swifterbant;FL;Flevoland;NL;Netherlands
Tollebeek;FL;Flevoland;NL;Netherlands
Urk;FL;Flevoland;NL;Netherlands
Zeewolde;FL;Flevoland;NL;Netherlands
Aalzum;FR;Friesland;NL;Netherlands
Abbega;FR;Friesland;NL;Netherlands
Achlum;FR;Friesland;NL;Netherlands
Akkrum;FR;Friesland;NL;Netherlands
Akmarijp;FR;Friesland;NL;Netherlands
Aldeboarn;FR;Friesland;NL;Netherlands
Aldtsjerk;FR;Friesland;NL;Netherlands
Allingawier;FR;Friesland;NL;Netherlands
Anjum;FR;Friesland;NL;Netherlands
Appelscha;FR;Friesland;NL;Netherlands
Arum;FR;Friesland;NL;Netherlands
Augsbuurt;FR;Friesland;NL;Netherlands
Augustinusga;FR;Friesland;NL;Netherlands
Baaium;FR;Friesland;NL;Netherlands
Baard;FR;Friesland;NL;Netherlands
Bakhuizen;FR;Friesland;NL;Netherlands
Bakkeveen;FR;Friesland;NL;Netherlands
Balk;FR;Friesland;NL;Netherlands
Ballum;FR;Friesland;NL;Netherlands
Bantega;FR;Friesland;NL;Netherlands
Bears FR;FR;Friesland;NL;Netherlands
Beetgum;FR;Friesland;NL;Netherlands
Beetgumermolen;FR;Friesland;NL;Netherlands
Beetsterzwaag;FR;Friesland;NL;Netherlands
Berlikum FR;FR;Friesland;NL;Netherlands
Blauwhuis;FR;Friesland;NL;Netherlands
Blesdijke;FR;Friesland;NL;Netherlands
Blessum;FR;Friesland;NL;Netherlands
Blije;FR;Friesland;NL;Netherlands
Boazum;FR;Friesland;NL;Netherlands
Boelenslaan;FR;Friesland;NL;Netherlands
Boer;FR;Friesland;NL;Netherlands
Boijl;FR;Friesland;NL;Netherlands
Boksum;FR;Friesland;NL;Netherlands
Bolsward;FR;Friesland;NL;Netherlands
Bontebok;FR;Friesland;NL;Netherlands
Boornbergum;FR;Friesland;NL;Netherlands
Boornzwaag;FR;Friesland;NL;Netherlands
Bornwird;FR;Friesland;NL;Netherlands
Brantgum;FR;Friesland;NL;Netherlands
Breezanddijk;FR;Friesland;NL;Netherlands
Britsum;FR;Friesland;NL;Netherlands
Britswert;FR;Friesland;NL;Netherlands
Broek FR;FR;Friesland;NL;Netherlands
Broeksterwoude;FR;Friesland;NL;Netherlands
Buitenpost;FR;Friesland;NL;Netherlands
Burdaard;FR;Friesland;NL;Netherlands
Buren FR;FR;Friesland;NL;Netherlands
Burgum;FR;Friesland;NL;Netherlands
Burgwerd;FR;Friesland;NL;Netherlands
Burum;FR;Friesland;NL;Netherlands
Cornjum;FR;Friesland;NL;Netherlands
Cornwerd;FR;Friesland;NL;Netherlands
Damwoude;FR;Friesland;NL;Netherlands
De Blesse;FR;Friesland;NL;Netherlands
De Hoeve;FR;Friesland;NL;Netherlands
De Knipe;FR;Friesland;NL;Netherlands
De Tike;FR;Friesland;NL;Netherlands
De Valom;FR;Friesland;NL;Netherlands
De Veenhoop;FR;Friesland;NL;Netherlands
De Wilgen;FR;Friesland;NL;Netherlands
Dearsum;FR;Friesland;NL;Netherlands
Dedgum;FR;Friesland;NL;Netherlands
Deinum;FR;Friesland;NL;Netherlands
Delfstrahuizen;FR;Friesland;NL;Netherlands
Dijken;FR;Friesland;NL;Netherlands
Dokkum;FR;Friesland;NL;Netherlands
Dongjum;FR;Friesland;NL;Netherlands
Doniaga;FR;Friesland;NL;Netherlands
Donkerbroek;FR;Friesland;NL;Netherlands
Drachten;FR;Friesland;NL;Netherlands
Drachtstercompagnie;FR;Friesland;NL;Netherlands
Driesum;FR;Friesland;NL;Netherlands
Drogeham;FR;Friesland;NL;Netherlands
Dronrijp;FR;Friesland;NL;Netherlands
Eagum;FR;Friesland;NL;Netherlands
Earnewald;FR;Friesland;NL;Netherlands
Easterein;FR;Friesland;NL;Netherlands
Easterlittens;FR;Friesland;NL;Netherlands
Eastermar;FR;Friesland;NL;Netherlands
Easterwierrum;FR;Friesland;NL;Netherlands
Echten FR;FR;Friesland;NL;Netherlands
Echtenerbrug;FR;Friesland;NL;Netherlands
Ee;FR;Friesland;NL;Netherlands
Eesterga;FR;Friesland;NL;Netherlands
Elahuizen;FR;Friesland;NL;Netherlands
Elsloo FR;FR;Friesland;NL;Netherlands
Engelum;FR;Friesland;NL;Netherlands
Engwierum;FR;Friesland;NL;Netherlands
Exmorra;FR;Friesland;NL;Netherlands
Ferwert;FR;Friesland;NL;Netherlands
Ferwoude;FR;Friesland;NL;Netherlands
Finkum;FR;Friesland;NL;Netherlands
Firdgum;FR;Friesland;NL;Netherlands
Fochteloo;FR;Friesland;NL;Netherlands
Follega;FR;Friesland;NL;Netherlands
Folsgare;FR;Friesland;NL;Netherlands
Foudgum;FR;Friesland;NL;Netherlands
Franeker;FR;Friesland;NL;Netherlands
Friens;FR;Friesland;NL;Netherlands
Frieschepalen;FR;Friesland;NL;Netherlands
Gaast;FR;Friesland;NL;Netherlands
Gaastmeer;FR;Friesland;NL;Netherlands
Garyp;FR;Friesland;NL;Netherlands
Gauw;FR;Friesland;NL;Netherlands
Gerkesklooster;FR;Friesland;NL;Netherlands
Gersloot;FR;Friesland;NL;Netherlands
Ginnum;FR;Friesland;NL;Netherlands
Goenga;FR;Friesland;NL;Netherlands
Goengahuizen;FR;Friesland;NL;Netherlands
Goingarijp;FR;Friesland;NL;Netherlands
Gorredijk;FR;Friesland;NL;Netherlands
Goutum;FR;Friesland;NL;Netherlands
Greonterp;FR;Friesland;NL;Netherlands
Grou;FR;Friesland;NL;Netherlands
Gytsjerk;FR;Friesland;NL;Netherlands
Hallum;FR;Friesland;NL;Netherlands
Hantum;FR;Friesland;NL;Netherlands
Hantumeruitburen;FR;Friesland;NL;Netherlands
Hantumhuizen;FR;Friesland;NL;Netherlands
Harich;FR;Friesland;NL;Netherlands
Harkema;FR;Friesland;NL;Netherlands
Harlingen;FR;Friesland;NL;Netherlands
Hartwerd;FR;Friesland;NL;Netherlands
Haskerdijken;FR;Friesland;NL;Netherlands
Haskerhorne;FR;Friesland;NL;Netherlands
Haule;FR;Friesland;NL;Netherlands
Haulerwijk;FR;Friesland;NL;Netherlands
Heeg;FR;Friesland;NL;Netherlands
Heerenveen;FR;Friesland;NL;Netherlands
Hegebeintum;FR;Friesland;NL;Netherlands
Hemelum;FR;Friesland;NL;Netherlands
Hempens;FR;Friesland;NL;Netherlands
Hemrik;FR;Friesland;NL;Netherlands
Herbaijum;FR;Friesland;NL;Netherlands
Hiaure;FR;Friesland;NL;Netherlands
Hichtum;FR;Friesland;NL;Netherlands
Hidaard;FR;Friesland;NL;Netherlands
Hieslum;FR;Friesland;NL;Netherlands
Hijum;FR;Friesland;NL;Netherlands
Hilaard;FR;Friesland;NL;Netherlands
Hindeloopen;FR;Friesland;NL;Netherlands
Hinnaard;FR;Friesland;NL;Netherlands
Hitzum;FR;Friesland;NL;Netherlands
Hollum;FR;Friesland;NL;Netherlands
Holwerd;FR;Friesland;NL;Netherlands
Hommerts;FR;Friesland;NL;Netherlands
Hoornsterzwaag;FR;Friesland;NL;Netherlands
Houtigehage;FR;Friesland;NL;Netherlands
Huns;FR;Friesland;NL;Netherlands
Hurdegaryp;FR;Friesland;NL;Netherlands
Idaerd;FR;Friesland;NL;Netherlands
Idsegahuizum;FR;Friesland;NL;Netherlands
Idskenhuizen;FR;Friesland;NL;Netherlands
Idzega;FR;Friesland;NL;Netherlands
Iens;FR;Friesland;NL;Netherlands
Ijlst;FR;Friesland;NL;Netherlands
Indijk;FR;Friesland;NL;Netherlands
It Heidenskip;FR;Friesland;NL;Netherlands
Itens;FR;Friesland;NL;Netherlands
Jannum;FR;Friesland;NL;Netherlands
Jellum;FR;Friesland;NL;Netherlands
Jelsum;FR;Friesland;NL;Netherlands
Jirnsum;FR;Friesland;NL;Netherlands
Jislum;FR;Friesland;NL;Netherlands
Jistrum;FR;Friesland;NL;Netherlands
Jonkerslan;FR;Friesland;NL;Netherlands
Jorwert;FR;Friesland;NL;Netherlands
Joure;FR;Friesland;NL;Netherlands
Jouswier;FR;Friesland;NL;Netherlands
Jubbega;FR;Friesland;NL;Netherlands
Jutrijp;FR;Friesland;NL;Netherlands
Katlijk;FR;Friesland;NL;Netherlands
Kimswerd;FR;Friesland;NL;Netherlands
Klooster Lidlum;FR;Friesland;NL;Netherlands
Kolderwolde;FR;Friesland;NL;Netherlands
Kollum;FR;Friesland;NL;Netherlands
Kollumerpomp;FR;Friesland;NL;Netherlands
Kollumerzwaag;FR;Friesland;NL;Netherlands
Kootstertille;FR;Friesland;NL;Netherlands
Kornwerderzand;FR;Friesland;NL;Netherlands
Kortehemmen;FR;Friesland;NL;Netherlands
Koudum;FR;Friesland;NL;Netherlands
Koufurderrige;FR;Friesland;NL;Netherlands
Kubaard;FR;Friesland;NL;Netherlands
Langedijke;FR;Friesland;NL;Netherlands
Langelille;FR;Friesland;NL;Netherlands
Langezwaag;FR;Friesland;NL;Netherlands
Langweer;FR;Friesland;NL;Netherlands
Leeuwarden;FR;Friesland;NL;Netherlands
Legemeer;FR;Friesland;NL;Netherlands
Lekkum;FR;Friesland;NL;Netherlands
Lemmer;FR;Friesland;NL;Netherlands
Leons;FR;Friesland;NL;Netherlands
Lichtaard;FR;Friesland;NL;Netherlands
Lioessens;FR;Friesland;NL;Netherlands
Lippenhuizen;FR;Friesland;NL;Netherlands
Loenga;FR;Friesland;NL;Netherlands
Lollum;FR;Friesland;NL;Netherlands
Longerhouw;FR;Friesland;NL;Netherlands
Luinjeberd;FR;Friesland;NL;Netherlands
Luxwoude;FR;Friesland;NL;Netherlands
Lytsewierrum;FR;Friesland;NL;Netherlands
Makkinga;FR;Friesland;NL;Netherlands
Makkum FR;FR;Friesland;NL;Netherlands
Mantgum;FR;Friesland;NL;Netherlands
Marrum;FR;Friesland;NL;Netherlands
Marssum;FR;Friesland;NL;Netherlands
Menaldum;FR;Friesland;NL;Netherlands
Metslawier;FR;Friesland;NL;Netherlands
Midlum;FR;Friesland;NL;Netherlands
Miedum;FR;Friesland;NL;Netherlands
Mildam;FR;Friesland;NL;Netherlands
Minnertsga;FR;Friesland;NL;Netherlands
Mirns;FR;Friesland;NL;Netherlands
Moddergat;FR;Friesland;NL;Netherlands
Molkwerum;FR;Friesland;NL;Netherlands
Morra;FR;Friesland;NL;Netherlands
Munein;FR;Friesland;NL;Netherlands
Munnekeburen;FR;Friesland;NL;Netherlands
Munnekezijl;FR;Friesland;NL;Netherlands
Nes Ameland;FR;Friesland;NL;Netherlands
Nes Gem Boarnsterhim;FR;Friesland;NL;Netherlands
Nes Gem Dongeradeel;FR;Friesland;NL;Netherlands
Niawier;FR;Friesland;NL;Netherlands
Nieuwebrug;FR;Friesland;NL;Netherlands
Nieuwehorne;FR;Friesland;NL;Netherlands
Nieuweschoot;FR;Friesland;NL;Netherlands
Nij Beets;FR;Friesland;NL;Netherlands
Nijeberkoop;FR;Friesland;NL;Netherlands
Nijega;FR;Friesland;NL;Netherlands
Nijehaske;FR;Friesland;NL;Netherlands
Nijeholtpade;FR;Friesland;NL;Netherlands
Nijeholtwolde;FR;Friesland;NL;Netherlands
Nijelamer;FR;Friesland;NL;Netherlands
Nijemirdum;FR;Friesland;NL;Netherlands
Nijetrijne;FR;Friesland;NL;Netherlands
Nijhuizum;FR;Friesland;NL;Netherlands
Nijland;FR;Friesland;NL;Netherlands
Noardburgum;FR;Friesland;NL;Netherlands
Noordwolde FR;FR;Friesland;NL;Netherlands
Oentsjerk;FR;Friesland;NL;Netherlands
Offingawier;FR;Friesland;NL;Netherlands
Oldeberkoop;FR;Friesland;NL;Netherlands
Oldeholtpade;FR;Friesland;NL;Netherlands
Oldeholtwolde;FR;Friesland;NL;Netherlands
Oldelamer;FR;Friesland;NL;Netherlands
Oldeouwer;FR;Friesland;NL;Netherlands
Oldetrijne;FR;Friesland;NL;Netherlands
Olterterp;FR;Friesland;NL;Netherlands
Oosterbierum;FR;Friesland;NL;Netherlands
Oosternijkerk;FR;Friesland;NL;Netherlands
Oosterstreek;FR;Friesland;NL;Netherlands
Oosterwolde FR;FR;Friesland;NL;Netherlands
Oosterzee;FR;Friesland;NL;Netherlands
Oosthem;FR;Friesland;NL;Netherlands
Oostrum FR;FR;Friesland;NL;Netherlands
Opeinde;FR;Friesland;NL;Netherlands
Oppenhuizen;FR;Friesland;NL;Netherlands
Oranjewoud;FR;Friesland;NL;Netherlands
Oude Bildtzijl;FR;Friesland;NL;Netherlands
Oude Leije;FR;Friesland;NL;Netherlands
Oudega Gaast Sleat;FR;Friesland;NL;Netherlands
Oudega Gem Smallingerlnd;FR;Friesland;NL;Netherlands
Oudega Gem Wymbritserad;FR;Friesland;NL;Netherlands
Oudehaske;FR;Friesland;NL;Netherlands
Oudehorne;FR;Friesland;NL;Netherlands
Oudemirdum;FR;Friesland;NL;Netherlands
Oudeschoot;FR;Friesland;NL;Netherlands
Oudwoude;FR;Friesland;NL;Netherlands
Ouwster Nijega;FR;Friesland;NL;Netherlands
Ouwsterhaule;FR;Friesland;NL;Netherlands
Paesens;FR;Friesland;NL;Netherlands
Parrega;FR;Friesland;NL;Netherlands
Peins;FR;Friesland;NL;Netherlands
Peperga;FR;Friesland;NL;Netherlands
Piaam;FR;Friesland;NL;Netherlands
Pietersbierum;FR;Friesland;NL;Netherlands
Pingjum;FR;Friesland;NL;Netherlands
Poppenwier;FR;Friesland;NL;Netherlands
Raard;FR;Friesland;NL;Netherlands
Raerd;FR;Friesland;NL;Netherlands
Ravenswoud;FR;Friesland;NL;Netherlands
Reahus;FR;Friesland;NL;Netherlands
Reduzum;FR;Friesland;NL;Netherlands
Reitsum;FR;Friesland;NL;Netherlands
Ried;FR;Friesland;NL;Netherlands
Rien;FR;Friesland;NL;Netherlands
Rijs;FR;Friesland;NL;Netherlands
Rinsumageest;FR;Friesland;NL;Netherlands
Rohel;FR;Friesland;NL;Netherlands
Roodkerk;FR;Friesland;NL;Netherlands
Rotstergaast;FR;Friesland;NL;Netherlands
Rotsterhaule;FR;Friesland;NL;Netherlands
Rottevalle;FR;Friesland;NL;Netherlands
Rottum FR;FR;Friesland;NL;Netherlands
Ruigahuizen;FR;Friesland;NL;Netherlands
Ryptsjerk;FR;Friesland;NL;Netherlands
Sandfirden;FR;Friesland;NL;Netherlands
Schalsum;FR;Friesland;NL;Netherlands
Scharnegoutum;FR;Friesland;NL;Netherlands
Scharsterbrug;FR;Friesland;NL;Netherlands
Scherpenzeel FR;FR;Friesland;NL;Netherlands
Schettens;FR;Friesland;NL;Netherlands
Schiermonnikoog;FR;Friesland;NL;Netherlands
Schingen;FR;Friesland;NL;Netherlands
Schraard;FR;Friesland;NL;Netherlands
Sexbierum;FR;Friesland;NL;Netherlands
Sibrandabuorren;FR;Friesland;NL;Netherlands
Siegerswoude;FR;Friesland;NL;Netherlands
Sijbrandahuis;FR;Friesland;NL;Netherlands
Sint Annaparochie;FR;Friesland;NL;Netherlands
Sint Jacobiparochie;FR;Friesland;NL;Netherlands
Sint Nicolaasga;FR;Friesland;NL;Netherlands
Sintjohannesga;FR;Friesland;NL;Netherlands
Slappeterp;FR;Friesland;NL;Netherlands
Slijkenburg;FR;Friesland;NL;Netherlands
Sloten FR;FR;Friesland;NL;Netherlands
Smalle Ee;FR;Friesland;NL;Netherlands
Smallebrugge;FR;Friesland;NL;Netherlands
Snakkerburen;FR;Friesland;NL;Netherlands
Sneek;FR;Friesland;NL;Netherlands
Snikzwaag;FR;Friesland;NL;Netherlands
Sondel;FR;Friesland;NL;Netherlands
Sonnega;FR;Friesland;NL;Netherlands
Spanga;FR;Friesland;NL;Netherlands
Spannum;FR;Friesland;NL;Netherlands
Stavoren;FR;Friesland;NL;Netherlands
Steggerda;FR;Friesland;NL;Netherlands
Stiens;FR;Friesland;NL;Netherlands
Stroobos;FR;Friesland;NL;Netherlands
Sumar;FR;Friesland;NL;Netherlands
Surhuisterveen;FR;Friesland;NL;Netherlands
Surhuizum;FR;Friesland;NL;Netherlands
Suwald;FR;Friesland;NL;Netherlands
Swichum;FR;Friesland;NL;Netherlands
Teerns;FR;Friesland;NL;Netherlands
Ter Idzard;FR;Friesland;NL;Netherlands
Terband;FR;Friesland;NL;Netherlands
Terherne;FR;Friesland;NL;Netherlands
Terkaple;FR;Friesland;NL;Netherlands
Ternaard;FR;Friesland;NL;Netherlands
Teroele;FR;Friesland;NL;Netherlands
Terschelling Baaiduinen;FR;Friesland;NL;Netherlands
Terschelling Formerum;FR;Friesland;NL;Netherlands
Terschelling Hee;FR;Friesland;NL;Netherlands
Terschelling Hoorn;FR;Friesland;NL;Netherlands
Terschelling Kaart;FR;Friesland;NL;Netherlands
Terschelling Kinnum;FR;Friesland;NL;Netherlands
Terschelling Landerum;FR;Friesland;NL;Netherlands
Terschelling Lies;FR;Friesland;NL;Netherlands
Terschelling Midsland;FR;Friesland;NL;Netherlands
Terschelling Oosterend;FR;Friesland;NL;Netherlands
Terschelling Seeryp;FR;Friesland;NL;Netherlands
Terschelling West;FR;Friesland;NL;Netherlands
Tersoal;FR;Friesland;NL;Netherlands
Terwispel;FR;Friesland;NL;Netherlands
Tijnje;FR;Friesland;NL;Netherlands
Tirns;FR;Friesland;NL;Netherlands
Tjalhuizum;FR;Friesland;NL;Netherlands
Tjalleberd;FR;Friesland;NL;Netherlands
Tjerkgaast;FR;Friesland;NL;Netherlands
Tjerkwerd;FR;Friesland;NL;Netherlands
Triemen;FR;Friesland;NL;Netherlands
Twijzel;FR;Friesland;NL;Netherlands
Twijzelerheide;FR;Friesland;NL;Netherlands
Tytsjerk;FR;Friesland;NL;Netherlands
Tzum;FR;Friesland;NL;Netherlands
Tzummarum;FR;Friesland;NL;Netherlands
Uitwellingerga;FR;Friesland;NL;Netherlands
Ureterp;FR;Friesland;NL;Netherlands
Veenklooster;FR;Friesland;NL;Netherlands
Veenwouden;FR;Friesland;NL;Netherlands
Vegelinsoord;FR;Friesland;NL;Netherlands
Vinkega;FR;Friesland;NL;Netherlands
Vlieland;FR;Friesland;NL;Netherlands
Vrouwenparochie;FR;Friesland;NL;Netherlands
Waaksens Gem Litt;FR;Friesland;NL;Netherlands
Waaxens Gem Dongeradeel;FR;Friesland;NL;Netherlands
Wanswert;FR;Friesland;NL;Netherlands
Warfstermolen;FR;Friesland;NL;Netherlands
Warns;FR;Friesland;NL;Netherlands
Warstiens;FR;Friesland;NL;Netherlands
Warten;FR;Friesland;NL;Netherlands
Waskemeer;FR;Friesland;NL;Netherlands
Weidum;FR;Friesland;NL;Netherlands
Wergea;FR;Friesland;NL;Netherlands
Westergeest;FR;Friesland;NL;Netherlands
Westhem;FR;Friesland;NL;Netherlands
Westhoek;FR;Friesland;NL;Netherlands
Wetzens;FR;Friesland;NL;Netherlands
Wier;FR;Friesland;NL;Netherlands
Wierum;FR;Friesland;NL;Netherlands
Wijckel;FR;Friesland;NL;Netherlands
Wijnaldum;FR;Friesland;NL;Netherlands
Wijnjewoude;FR;Friesland;NL;Netherlands
Wijtgaard;FR;Friesland;NL;Netherlands
Winsum FR;FR;Friesland;NL;Netherlands
Wirdum FR;FR;Friesland;NL;Netherlands
Witmarsum;FR;Friesland;NL;Netherlands
Wiuwert;FR;Friesland;NL;Netherlands
Wjelsryp;FR;Friesland;NL;Netherlands
Wolsum;FR;Friesland;NL;Netherlands
Wolvega;FR;Friesland;NL;Netherlands
Wommels;FR;Friesland;NL;Netherlands
Wons;FR;Friesland;NL;Netherlands
Workum;FR;Friesland;NL;Netherlands
Woudsend;FR;Friesland;NL;Netherlands
Wouterswoude;FR;Friesland;NL;Netherlands
Wyns;FR;Friesland;NL;Netherlands
Ypecolsga;FR;Friesland;NL;Netherlands
Ysbrechtum;FR;Friesland;NL;Netherlands
Zandhuizen;FR;Friesland;NL;Netherlands
Zurich;FR;Friesland;NL;Netherlands
Zwaagwesteinde;FR;Friesland;NL;Netherlands
Zwagerbosch;FR;Friesland;NL;Netherlands
Zweins;FR;Friesland;NL;Netherlands
Aalst GLD;GL;Gelderland;NL;Netherlands
Aalten;GL;Gelderland;NL;Netherlands
Achterveld;GL;Gelderland;NL;Netherlands
Acquoy;GL;Gelderland;NL;Netherlands
Aerdt;GL;Gelderland;NL;Netherlands
Afferden GLD;GL;Gelderland;NL;Netherlands
Alem;GL;Gelderland;NL;Netherlands
Almen;GL;Gelderland;NL;Netherlands
Alphen GLD;GL;Gelderland;NL;Netherlands
Altforst;GL;Gelderland;NL;Netherlands
Ammerzoden;GL;Gelderland;NL;Netherlands
Andelst;GL;Gelderland;NL;Netherlands
Angeren;GL;Gelderland;NL;Netherlands
Angerlo;GL;Gelderland;NL;Netherlands
Apeldoorn;GL;Gelderland;NL;Netherlands
Appeltern;GL;Gelderland;NL;Netherlands
Arnhem;GL;Gelderland;NL;Netherlands
Asch;GL;Gelderland;NL;Netherlands
Asperen;GL;Gelderland;NL;Netherlands
Azewijn;GL;Gelderland;NL;Netherlands
Baak;GL;Gelderland;NL;Netherlands
Babberich;GL;Gelderland;NL;Netherlands
Balgoij;GL;Gelderland;NL;Netherlands
Barchem;GL;Gelderland;NL;Netherlands
Barneveld;GL;Gelderland;NL;Netherlands
Batenburg;GL;Gelderland;NL;Netherlands
Beek Gem. Bergh;GL;Gelderland;NL;Netherlands
Beek Ubbergen;GL;Gelderland;NL;Netherlands
Beekbergen;GL;Gelderland;NL;Netherlands
Beemte Broekland;GL;Gelderland;NL;Netherlands
Beesd;GL;Gelderland;NL;Netherlands
Beltrum;GL;Gelderland;NL;Netherlands
Bemmel;GL;Gelderland;NL;Netherlands
Beneden Leeuwen;GL;Gelderland;NL;Netherlands
Bennekom;GL;Gelderland;NL;Netherlands
Berg En Dal;GL;Gelderland;NL;Netherlands
Bergharen;GL;Gelderland;NL;Netherlands
Bern;GL;Gelderland;NL;Netherlands
Beuningen GLD;GL;Gelderland;NL;Netherlands
Beusichem;GL;Gelderland;NL;Netherlands
Borculo;GL;Gelderland;NL;Netherlands
Boven Leeuwen;GL;Gelderland;NL;Netherlands
Braamt;GL;Gelderland;NL;Netherlands
Brakel;GL;Gelderland;NL;Netherlands
Bredevoort;GL;Gelderland;NL;Netherlands
Breedenbroek;GL;Gelderland;NL;Netherlands
Bronkhorst;GL;Gelderland;NL;Netherlands
Bruchem;GL;Gelderland;NL;Netherlands
Brummen;GL;Gelderland;NL;Netherlands
Buren GLD;GL;Gelderland;NL;Netherlands
Buurmalsen;GL;Gelderland;NL;Netherlands
Culemborg;GL;Gelderland;NL;Netherlands
De Glind;GL;Gelderland;NL;Netherlands
De Heurne;GL;Gelderland;NL;Netherlands
De Klomp;GL;Gelderland;NL;Netherlands
De Steeg;GL;Gelderland;NL;Netherlands
Deelen;GL;Gelderland;NL;Netherlands
Deest;GL;Gelderland;NL;Netherlands
Deil;GL;Gelderland;NL;Netherlands
Delwijnen;GL;Gelderland;NL;Netherlands
Didam;GL;Gelderland;NL;Netherlands
Dieren;GL;Gelderland;NL;Netherlands
Dinxperlo;GL;Gelderland;NL;Netherlands
Dodewaard;GL;Gelderland;NL;Netherlands
Doesburg;GL;Gelderland;NL;Netherlands
Doetinchem;GL;Gelderland;NL;Netherlands
Doornenburg;GL;Gelderland;NL;Netherlands
Doornspijk;GL;Gelderland;NL;Netherlands
Doorwerth;GL;Gelderland;NL;Netherlands
Drempt;GL;Gelderland;NL;Netherlands
Dreumel;GL;Gelderland;NL;Netherlands
Driel;GL;Gelderland;NL;Netherlands
Druten;GL;Gelderland;NL;Netherlands
Duiven;GL;Gelderland;NL;Netherlands
Echteld;GL;Gelderland;NL;Netherlands
Eck En Wiel;GL;Gelderland;NL;Netherlands
Ede GLD;GL;Gelderland;NL;Netherlands
Ederveen;GL;Gelderland;NL;Netherlands
Eefde;GL;Gelderland;NL;Netherlands
Eerbeek;GL;Gelderland;NL;Netherlands
Eibergen;GL;Gelderland;NL;Netherlands
Elburg;GL;Gelderland;NL;Netherlands
Ellecom;GL;Gelderland;NL;Netherlands
Elspeet;GL;Gelderland;NL;Netherlands
Elst GLD;GL;Gelderland;NL;Netherlands
Empe;GL;Gelderland;NL;Netherlands
Emst;GL;Gelderland;NL;Netherlands
Enspijk;GL;Gelderland;NL;Netherlands
Epe;GL;Gelderland;NL;Netherlands
Epse;GL;Gelderland;NL;Netherlands
Erichem;GL;Gelderland;NL;Netherlands
Erlecom;GL;Gelderland;NL;Netherlands
Ermelo;GL;Gelderland;NL;Netherlands
Est;GL;Gelderland;NL;Netherlands
Etten GLD;GL;Gelderland;NL;Netherlands
Ewijk;GL;Gelderland;NL;Netherlands
Gaanderen;GL;Gelderland;NL;Netherlands
Gameren;GL;Gelderland;NL;Netherlands
Garderen;GL;Gelderland;NL;Netherlands
Geesteren GLD;GL;Gelderland;NL;Netherlands
Geldermalsen;GL;Gelderland;NL;Netherlands
Gellicum;GL;Gelderland;NL;Netherlands
Gelselaar;GL;Gelderland;NL;Netherlands
Gendringen;GL;Gelderland;NL;Netherlands
Gendt;GL;Gelderland;NL;Netherlands
Giesbeek;GL;Gelderland;NL;Netherlands
Gorssel;GL;Gelderland;NL;Netherlands
Groenlo;GL;Gelderland;NL;Netherlands
Groesbeek;GL;Gelderland;NL;Netherlands
Groessen;GL;Gelderland;NL;Netherlands
Haaften;GL;Gelderland;NL;Netherlands
Haalderen;GL;Gelderland;NL;Netherlands
Haarlo;GL;Gelderland;NL;Netherlands
Hall;GL;Gelderland;NL;Netherlands
Halle;GL;Gelderland;NL;Netherlands
Harderwijk;GL;Gelderland;NL;Netherlands
Harfsen;GL;Gelderland;NL;Netherlands
Harreveld;GL;Gelderland;NL;Netherlands
Harskamp;GL;Gelderland;NL;Netherlands
Hattem;GL;Gelderland;NL;Netherlands
Hattemerbroek;GL;Gelderland;NL;Netherlands
Hedel;GL;Gelderland;NL;Netherlands
Heelsum;GL;Gelderland;NL;Netherlands
Heelweg;GL;Gelderland;NL;Netherlands
Heerde;GL;Gelderland;NL;Netherlands
Heerewaarden;GL;Gelderland;NL;Netherlands
Heesselt;GL;Gelderland;NL;Netherlands
Heilig Landstichting;GL;Gelderland;NL;Netherlands
Hellouw;GL;Gelderland;NL;Netherlands
Hemmen;GL;Gelderland;NL;Netherlands
Hengelo GLD;GL;Gelderland;NL;Netherlands
Hernen;GL;Gelderland;NL;Netherlands
Herveld;GL;Gelderland;NL;Netherlands
Herwen;GL;Gelderland;NL;Netherlands
Herwijnen;GL;Gelderland;NL;Netherlands
Heteren;GL;Gelderland;NL;Netherlands
Heukelum;GL;Gelderland;NL;Netherlands
Heumen;GL;Gelderland;NL;Netherlands
Heurne;GL;Gelderland;NL;Netherlands
Hierden;GL;Gelderland;NL;Netherlands
Hoenderloo;GL;Gelderland;NL;Netherlands
Hoenzadriel;GL;Gelderland;NL;Netherlands
Hoevelaken;GL;Gelderland;NL;Netherlands
Homoet;GL;Gelderland;NL;Netherlands
Hoog Keppel;GL;Gelderland;NL;Netherlands
Hoog Soeren;GL;Gelderland;NL;Netherlands
Horssen;GL;Gelderland;NL;Netherlands
Huissen;GL;Gelderland;NL;Netherlands
Hulshorst;GL;Gelderland;NL;Netherlands
Hummelo;GL;Gelderland;NL;Netherlands
Hurwenen;GL;Gelderland;NL;Netherlands
Ijzendoorn;GL;Gelderland;NL;Netherlands
Ingen;GL;Gelderland;NL;Netherlands
Joppe;GL;Gelderland;NL;Netherlands
Kapel Avezaath;GL;Gelderland;NL;Netherlands
Kapel Avezaath Buren;GL;Gelderland;NL;Netherlands
Keijenborg;GL;Gelderland;NL;Netherlands
Kekerdom;GL;Gelderland;NL;Netherlands
Kerk Avezaath;GL;Gelderland;NL;Netherlands
Kerk Avezaath Tiel;GL;Gelderland;NL;Netherlands
Kerkdriel;GL;Gelderland;NL;Netherlands
Kerkwijk;GL;Gelderland;NL;Netherlands
Kesteren;GL;Gelderland;NL;Netherlands
Kilder;GL;Gelderland;NL;Netherlands
Klarenbeek;GL;Gelderland;NL;Netherlands
Kootwijk;GL;Gelderland;NL;Netherlands
Kootwijkerbroek;GL;Gelderland;NL;Netherlands
Kring Van Dorth;GL;Gelderland;NL;Netherlands
Laag Keppel;GL;Gelderland;NL;Netherlands
Laag Soeren;GL;Gelderland;NL;Netherlands
Laren GLD;GL;Gelderland;NL;Netherlands
Lathum;GL;Gelderland;NL;Netherlands
Lengel;GL;Gelderland;NL;Netherlands
Lent;GL;Gelderland;NL;Netherlands
Leur;GL;Gelderland;NL;Netherlands
Leuth;GL;Gelderland;NL;Netherlands
Leuvenheim;GL;Gelderland;NL;Netherlands
Lichtenvoorde;GL;Gelderland;NL;Netherlands
Lienden;GL;Gelderland;NL;Netherlands
Lieren;GL;Gelderland;NL;Netherlands
Lievelde;GL;Gelderland;NL;Netherlands
Lobith;GL;Gelderland;NL;Netherlands
Lochem;GL;Gelderland;NL;Netherlands
Loenen GLD;GL;Gelderland;NL;Netherlands
Loerbeek;GL;Gelderland;NL;Netherlands
Loo GLD;GL;Gelderland;NL;Netherlands
Lunteren;GL;Gelderland;NL;Netherlands
Maasbommel;GL;Gelderland;NL;Netherlands
Malden;GL;Gelderland;NL;Netherlands
Marienvelde;GL;Gelderland;NL;Netherlands
Maurik;GL;Gelderland;NL;Netherlands
Megchelen;GL;Gelderland;NL;Netherlands
Meteren;GL;Gelderland;NL;Netherlands
Millingen Aan De Rijn;GL;Gelderland;NL;Netherlands
Nederasselt;GL;Gelderland;NL;Netherlands
Nederhemert;GL;Gelderland;NL;Netherlands
Neede;GL;Gelderland;NL;Netherlands
Neerijnen;GL;Gelderland;NL;Netherlands
Netterden;GL;Gelderland;NL;Netherlands
Nieuwaal;GL;Gelderland;NL;Netherlands
Niftrik;GL;Gelderland;NL;Netherlands
Nijbroek;GL;Gelderland;NL;Netherlands
Nijkerk GLD;GL;Gelderland;NL;Netherlands
Nijkerkerveen;GL;Gelderland;NL;Netherlands
Nijmegen;GL;Gelderland;NL;Netherlands
Noordeinde GLD;GL;Gelderland;NL;Netherlands
Nunspeet;GL;Gelderland;NL;Netherlands
Ochten;GL;Gelderland;NL;Netherlands
Oene;GL;Gelderland;NL;Netherlands
Olburgen;GL;Gelderland;NL;Netherlands
Oldebroek;GL;Gelderland;NL;Netherlands
Ommeren;GL;Gelderland;NL;Netherlands
Ooij;GL;Gelderland;NL;Netherlands
Oosterbeek;GL;Gelderland;NL;Netherlands
Oosterhout Gem. Nijmegen;GL;Gelderland;NL;Netherlands
Oosterhout GLD;GL;Gelderland;NL;Netherlands
Oosterwolde GLD;GL;Gelderland;NL;Netherlands
Ophemert;GL;Gelderland;NL;Netherlands
Opheusden;GL;Gelderland;NL;Netherlands
Opijnen;GL;Gelderland;NL;Netherlands
Otterlo;GL;Gelderland;NL;Netherlands
Overasselt;GL;Gelderland;NL;Netherlands
Pannerden;GL;Gelderland;NL;Netherlands
Persingen;GL;Gelderland;NL;Netherlands
Poederoijen;GL;Gelderland;NL;Netherlands
Puiflijk;GL;Gelderland;NL;Netherlands
Putten;GL;Gelderland;NL;Netherlands
Randwijk;GL;Gelderland;NL;Netherlands
Ravenswaaij;GL;Gelderland;NL;Netherlands
Rekken;GL;Gelderland;NL;Netherlands
Renkum;GL;Gelderland;NL;Netherlands
Ressen;GL;Gelderland;NL;Netherlands
Ressen Gem. Nijmegen;GL;Gelderland;NL;Netherlands
Rha;GL;Gelderland;NL;Netherlands
Rheden;GL;Gelderland;NL;Netherlands
Rhenoy;GL;Gelderland;NL;Netherlands
Rietmolen;GL;Gelderland;NL;Netherlands
Rijswijk GLD;GL;Gelderland;NL;Netherlands
Rossum GLD;GL;Gelderland;NL;Netherlands
Rumpt;GL;Gelderland;NL;Netherlands
Ruurlo;GL;Gelderland;NL;Netherlands
Scherpenzeel GLD;GL;Gelderland;NL;Netherlands
's Heerenberg;GL;Gelderland;NL;Netherlands
Silvolde;GL;Gelderland;NL;Netherlands
Sinderen;GL;Gelderland;NL;Netherlands
Sinderen Gem Gendringen;GL;Gelderland;NL;Netherlands
Slijk Ewijk;GL;Gelderland;NL;Netherlands
Spankeren;GL;Gelderland;NL;Netherlands
Spijk Gem.Gem. Lingewaal;GL;Gelderland;NL;Netherlands
Spijk GLD;GL;Gelderland;NL;Netherlands
Steenderen;GL;Gelderland;NL;Netherlands
Steenenkamer;GL;Gelderland;NL;Netherlands
Stokkum;GL;Gelderland;NL;Netherlands
Stroe;GL;Gelderland;NL;Netherlands
't Harde;GL;Gelderland;NL;Netherlands
't Loo Oldebroek;GL;Gelderland;NL;Netherlands
Terborg;GL;Gelderland;NL;Netherlands
Terschuur;GL;Gelderland;NL;Netherlands
Terwolde;GL;Gelderland;NL;Netherlands
Teuge;GL;Gelderland;NL;Netherlands
Tiel;GL;Gelderland;NL;Netherlands
Toldijk;GL;Gelderland;NL;Netherlands
Tolkamer;GL;Gelderland;NL;Netherlands
Tonden;GL;Gelderland;NL;Netherlands
Tricht;GL;Gelderland;NL;Netherlands
Tuil;GL;Gelderland;NL;Netherlands
Twello;GL;Gelderland;NL;Netherlands
Ubbergen;GL;Gelderland;NL;Netherlands
Uddel;GL;Gelderland;NL;Netherlands
Ugchelen;GL;Gelderland;NL;Netherlands
Ulft;GL;Gelderland;NL;Netherlands
Vaassen;GL;Gelderland;NL;Netherlands
Valburg;GL;Gelderland;NL;Netherlands
Varik;GL;Gelderland;NL;Netherlands
Varsselder Veldhunten;GL;Gelderland;NL;Netherlands
Varsseveld;GL;Gelderland;NL;Netherlands
Veessen;GL;Gelderland;NL;Netherlands
Velddriel;GL;Gelderland;NL;Netherlands
Velp GLD;GL;Gelderland;NL;Netherlands
Vethuizen;GL;Gelderland;NL;Netherlands
Vierakker;GL;Gelderland;NL;Netherlands
Vierhouten;GL;Gelderland;NL;Netherlands
Voorst Gem. Gendringen;GL;Gelderland;NL;Netherlands
Voorst Gem. Voorst;GL;Gelderland;NL;Netherlands
Voorthuizen;GL;Gelderland;NL;Netherlands
Vorchten;GL;Gelderland;NL;Netherlands
Vorden;GL;Gelderland;NL;Netherlands
Vragender;GL;Gelderland;NL;Netherlands
Vuren;GL;Gelderland;NL;Netherlands
Waardenburg;GL;Gelderland;NL;Netherlands
Wadenoijen;GL;Gelderland;NL;Netherlands
Wageningen;GL;Gelderland;NL;Netherlands
Wamel;GL;Gelderland;NL;Netherlands
Wapenveld;GL;Gelderland;NL;Netherlands
Warnsveld;GL;Gelderland;NL;Netherlands
Wehl;GL;Gelderland;NL;Netherlands
Wekerom;GL;Gelderland;NL;Netherlands
Well GLD;GL;Gelderland;NL;Netherlands
Wenum Wiesel;GL;Gelderland;NL;Netherlands
Westendorp;GL;Gelderland;NL;Netherlands
Westervoort;GL;Gelderland;NL;Netherlands
Weurt;GL;Gelderland;NL;Netherlands
Wezep;GL;Gelderland;NL;Netherlands
Wichmond;GL;Gelderland;NL;Netherlands
Wijchen;GL;Gelderland;NL;Netherlands
Wijnbergen;GL;Gelderland;NL;Netherlands
Wilp GLD;GL;Gelderland;NL;Netherlands
Winssen;GL;Gelderland;NL;Netherlands
Winterswijk;GL;Gelderland;NL;Netherlands
Winterswijk Brinkheurne;GL;Gelderland;NL;Netherlands
Winterswijk Corle;GL;Gelderland;NL;Netherlands
Winterswijk Henxel;GL;Gelderland;NL;Netherlands
Winterswijk Huppel;GL;Gelderland;NL;Netherlands
Winterswijk Kotten;GL;Gelderland;NL;Netherlands
Winterswijk Meddo;GL;Gelderland;NL;Netherlands
Winterswijk Miste;GL;Gelderland;NL;Netherlands
Winterswijk Ratum;GL;Gelderland;NL;Netherlands
Winterswijk Woold;GL;Gelderland;NL;Netherlands
Wolfheze;GL;Gelderland;NL;Netherlands
Zaltbommel;GL;Gelderland;NL;Netherlands
Zeddam;GL;Gelderland;NL;Netherlands
Zelhem;GL;Gelderland;NL;Netherlands
Zennewijnen;GL;Gelderland;NL;Netherlands
Zetten;GL;Gelderland;NL;Netherlands
Zevenaar;GL;Gelderland;NL;Netherlands
Zieuwent;GL;Gelderland;NL;Netherlands
Zoelen;GL;Gelderland;NL;Netherlands
Zoelmond;GL;Gelderland;NL;Netherlands
Zuilichem;GL;Gelderland;NL;Netherlands
Zutphen;GL;Gelderland;NL;Netherlands
Zwartebroek;GL;Gelderland;NL;Netherlands
Adorp;GR;Groningen;NL;Netherlands
Aduard;GR;Groningen;NL;Netherlands
Alteveer GN;GR;Groningen;NL;Netherlands
Appingedam;GR;Groningen;NL;Netherlands
Baflo;GR;Groningen;NL;Netherlands
Bedum;GR;Groningen;NL;Netherlands
Beerta;GR;Groningen;NL;Netherlands
Bellingwolde;GR;Groningen;NL;Netherlands
Bierum Bierum;GR;Groningen;NL;Netherlands
Blijham;GR;Groningen;NL;Netherlands
Boerakker;GR;Groningen;NL;Netherlands
Boerakker Gem Leek;GR;Groningen;NL;Netherlands
Borgercompagnie;GR;Groningen;NL;Netherlands
Borgsweer;GR;Groningen;NL;Netherlands
Bourtange;GR;Groningen;NL;Netherlands
Briltil;GR;Groningen;NL;Netherlands
De Wilp GN;GR;Groningen;NL;Netherlands
Delfzijl;GR;Groningen;NL;Netherlands
Den Andel;GR;Groningen;NL;Netherlands
Den Ham GN;GR;Groningen;NL;Netherlands
Den Horn;GR;Groningen;NL;Netherlands
Doezum;GR;Groningen;NL;Netherlands
Drieborg;GR;Groningen;NL;Netherlands
Eemshaven;GR;Groningen;NL;Netherlands
Eenrum;GR;Groningen;NL;Netherlands
Eenum;GR;Groningen;NL;Netherlands
Enumatil;GR;Groningen;NL;Netherlands
Eppenhuizen;GR;Groningen;NL;Netherlands
Ezinge;GR;Groningen;NL;Netherlands
Farmsum;GR;Groningen;NL;Netherlands
Feerwerd;GR;Groningen;NL;Netherlands
Finsterwolde;GR;Groningen;NL;Netherlands
Foxhol;GR;Groningen;NL;Netherlands
Froombosch;GR;Groningen;NL;Netherlands
Garmerwolde;GR;Groningen;NL;Netherlands
Garnwerd;GR;Groningen;NL;Netherlands
Garrelsweer;GR;Groningen;NL;Netherlands
Garsthuizen;GR;Groningen;NL;Netherlands
Glimmen;GR;Groningen;NL;Netherlands
Godlinze;GR;Groningen;NL;Netherlands
Grijpskerk;GR;Groningen;NL;Netherlands
Groningen;GR;Groningen;NL;Netherlands
Grootegast;GR;Groningen;NL;Netherlands
Haren GN;GR;Groningen;NL;Netherlands
Harkstede;GR;Groningen;NL;Netherlands
Heiligerlee;GR;Groningen;NL;Netherlands
Hellum;GR;Groningen;NL;Netherlands
Holwierde;GR;Groningen;NL;Netherlands
Hoogezand;GR;Groningen;NL;Netherlands
Hornhuizen;GR;Groningen;NL;Netherlands
Houwerzijl;GR;Groningen;NL;Netherlands
Huizinge;GR;Groningen;NL;Netherlands
Jonkersvaart;GR;Groningen;NL;Netherlands
Kantens;GR;Groningen;NL;Netherlands
Kiel Windeweer;GR;Groningen;NL;Netherlands
Kloosterburen;GR;Groningen;NL;Netherlands
Kolham;GR;Groningen;NL;Netherlands
Kommerzijl;GR;Groningen;NL;Netherlands
Kornhorn;GR;Groningen;NL;Netherlands
Krewerd;GR;Groningen;NL;Netherlands
Kropswolde;GR;Groningen;NL;Netherlands
Lageland;GR;Groningen;NL;Netherlands
Lauwersoog;GR;Groningen;NL;Netherlands
Lauwerzijl;GR;Groningen;NL;Netherlands
Leek;GR;Groningen;NL;Netherlands
Leens;GR;Groningen;NL;Netherlands
Leermens;GR;Groningen;NL;Netherlands
Lellens;GR;Groningen;NL;Netherlands
Lettelbert;GR;Groningen;NL;Netherlands
Loppersum;GR;Groningen;NL;Netherlands
Losdorp;GR;Groningen;NL;Netherlands
Lucaswolde;GR;Groningen;NL;Netherlands
Luddeweer;GR;Groningen;NL;Netherlands
Lutjegast;GR;Groningen;NL;Netherlands
Marum;GR;Groningen;NL;Netherlands
Meeden;GR;Groningen;NL;Netherlands
Meedhuizen;GR;Groningen;NL;Netherlands
Mensingeweer;GR;Groningen;NL;Netherlands
Middelstum;GR;Groningen;NL;Netherlands
Midwolda;GR;Groningen;NL;Netherlands
Midwolde;GR;Groningen;NL;Netherlands
Muntendam;GR;Groningen;NL;Netherlands
Mussel;GR;Groningen;NL;Netherlands
Musselkanaal;GR;Groningen;NL;Netherlands
Niebert;GR;Groningen;NL;Netherlands
Niehove;GR;Groningen;NL;Netherlands
Niekerk De Marne Niekerk;GR;Groningen;NL;Netherlands
Niekerk Grootegast;GR;Groningen;NL;Netherlands
Nieuw Beerta;GR;Groningen;NL;Netherlands
Nieuw Scheemda;GR;Groningen;NL;Netherlands
Nieuwe Pekela;GR;Groningen;NL;Netherlands
Nieuweschans;GR;Groningen;NL;Netherlands
Nieuwolda;GR;Groningen;NL;Netherlands
Niezijl;GR;Groningen;NL;Netherlands
Noordbroek;GR;Groningen;NL;Netherlands
Noordhorn;GR;Groningen;NL;Netherlands
Noordlaren;GR;Groningen;NL;Netherlands
Noordwijk GN;GR;Groningen;NL;Netherlands
Noordwolde GN;GR;Groningen;NL;Netherlands
Nuis;GR;Groningen;NL;Netherlands
Oldehove;GR;Groningen;NL;Netherlands
Oldekerk;GR;Groningen;NL;Netherlands
Oldenzijl;GR;Groningen;NL;Netherlands
Onderdendam;GR;Groningen;NL;Netherlands
Onnen;GR;Groningen;NL;Netherlands
Onstwedde;GR;Groningen;NL;Netherlands
Oosternieland;GR;Groningen;NL;Netherlands
Oosterwijtwerd;GR;Groningen;NL;Netherlands
Oostwold Gem Leek;GR;Groningen;NL;Netherlands
Oostwold Scheemda;GR;Groningen;NL;Netherlands
Opende;GR;Groningen;NL;Netherlands
Oude Pekela;GR;Groningen;NL;Netherlands
Oudeschans;GR;Groningen;NL;Netherlands
Oudeschip;GR;Groningen;NL;Netherlands
Oudezijl;GR;Groningen;NL;Netherlands
Overschild;GR;Groningen;NL;Netherlands
Pieterburen;GR;Groningen;NL;Netherlands
Pieterzijl;GR;Groningen;NL;Netherlands
Rasquert;GR;Groningen;NL;Netherlands
Roodeschool;GR;Groningen;NL;Netherlands
Rottum GN;GR;Groningen;NL;Netherlands
Saaksum;GR;Groningen;NL;Netherlands
Saaxumhuizen;GR;Groningen;NL;Netherlands
Sappemeer;GR;Groningen;NL;Netherlands
Sauwerd;GR;Groningen;NL;Netherlands
Scharmer;GR;Groningen;NL;Netherlands
Scheemda;GR;Groningen;NL;Netherlands
Schildwolde;GR;Groningen;NL;Netherlands
Schouwerzijl;GR;Groningen;NL;Netherlands
Sebaldeburen;GR;Groningen;NL;Netherlands
Sellingen;GR;Groningen;NL;Netherlands
Siddeburen;GR;Groningen;NL;Netherlands
Sint Annen;GR;Groningen;NL;Netherlands
Slochteren;GR;Groningen;NL;Netherlands
Spijk GN;GR;Groningen;NL;Netherlands
Stadskanaal;GR;Groningen;NL;Netherlands
Startenhuizen;GR;Groningen;NL;Netherlands
Startenhuizen Lopp;GR;Groningen;NL;Netherlands
Stedum;GR;Groningen;NL;Netherlands
Steendam;GR;Groningen;NL;Netherlands
Stitswerd;GR;Groningen;NL;Netherlands
't Waar;GR;Groningen;NL;Netherlands
't Zandt GN;GR;Groningen;NL;Netherlands
Ten Boer;GR;Groningen;NL;Netherlands
Ten Post;GR;Groningen;NL;Netherlands
Ter Apel;GR;Groningen;NL;Netherlands
Ter Apelkanaal;GR;Groningen;NL;Netherlands
Termunten;GR;Groningen;NL;Netherlands
Termunterzijl;GR;Groningen;NL;Netherlands
Thesinge;GR;Groningen;NL;Netherlands
Tinallinge;GR;Groningen;NL;Netherlands
Tjuchem;GR;Groningen;NL;Netherlands
Tolbert;GR;Groningen;NL;Netherlands
Toornwerd;GR;Groningen;NL;Netherlands
Tripscompagnie;GR;Groningen;NL;Netherlands
Uithuizen;GR;Groningen;NL;Netherlands
Uithuizermeeden;GR;Groningen;NL;Netherlands
Ulrum;GR;Groningen;NL;Netherlands
Usquert;GR;Groningen;NL;Netherlands
Veelerveen;GR;Groningen;NL;Netherlands
Veendam;GR;Groningen;NL;Netherlands
Vierhuizen;GR;Groningen;NL;Netherlands
Visvliet;GR;Groningen;NL;Netherlands
Vlagtwedde;GR;Groningen;NL;Netherlands
Vledderveen GN;GR;Groningen;NL;Netherlands
Vriescheloo;GR;Groningen;NL;Netherlands
Wagenborgen;GR;Groningen;NL;Netherlands
Warffum;GR;Groningen;NL;Netherlands
Warfhuizen;GR;Groningen;NL;Netherlands
Waterhuizen;GR;Groningen;NL;Netherlands
Wedde;GR;Groningen;NL;Netherlands
Wehe Den Hoorn;GR;Groningen;NL;Netherlands
Westerbroek;GR;Groningen;NL;Netherlands
Westeremden;GR;Groningen;NL;Netherlands
Westerlee GN;GR;Groningen;NL;Netherlands
Westernieland;GR;Groningen;NL;Netherlands
Westerwijtwerd;GR;Groningen;NL;Netherlands
Wetsinge;GR;Groningen;NL;Netherlands
Wildervank;GR;Groningen;NL;Netherlands
Winneweer;GR;Groningen;NL;Netherlands
Winschoten;GR;Groningen;NL;Netherlands
Winsum GN;GR;Groningen;NL;Netherlands
Wirdum GN;GR;Groningen;NL;Netherlands
Woldendorp;GR;Groningen;NL;Netherlands
Woltersum;GR;Groningen;NL;Netherlands
Woudbloem;GR;Groningen;NL;Netherlands
Zandeweer;GR;Groningen;NL;Netherlands
Zeerijp;GR;Groningen;NL;Netherlands
Zevenhuizen GN;GR;Groningen;NL;Netherlands
Zijldijk;GR;Groningen;NL;Netherlands
Zoutkamp;GR;Groningen;NL;Netherlands
Zuidbroek;GR;Groningen;NL;Netherlands
Zuidhorn;GR;Groningen;NL;Netherlands
Zuidwolde GN;GR;Groningen;NL;Netherlands
Zuurdijk;GR;Groningen;NL;Netherlands
Afferden LB;LI;Limburg;NL;Netherlands
America;LI;Limburg;NL;Netherlands
Amstenrade;LI;Limburg;NL;Netherlands
Arcen;LI;Limburg;NL;Netherlands
Baarlo LB;LI;Limburg;NL;Netherlands
Baexem;LI;Limburg;NL;Netherlands
Baneheide;LI;Limburg;NL;Netherlands
Banholt;LI;Limburg;NL;Netherlands
Beegden;LI;Limburg;NL;Netherlands
Beek LB;LI;Limburg;NL;Netherlands
Beesel;LI;Limburg;NL;Netherlands
Belfeld;LI;Limburg;NL;Netherlands
Bemelen;LI;Limburg;NL;Netherlands
Berg En Terblijt;LI;Limburg;NL;Netherlands
Bergen LB;LI;Limburg;NL;Netherlands
Beringe;LI;Limburg;NL;Netherlands
Beutenaken;LI;Limburg;NL;Netherlands
Bingelrade;LI;Limburg;NL;Netherlands
Blitterswijck;LI;Limburg;NL;Netherlands
Bocholtz;LI;Limburg;NL;Netherlands
Born;LI;Limburg;NL;Netherlands
Broekhuizen LB;LI;Limburg;NL;Netherlands
Broekhuizenvorst;LI;Limburg;NL;Netherlands
Brunssum;LI;Limburg;NL;Netherlands
Buchten;LI;Limburg;NL;Netherlands
Buggenum;LI;Limburg;NL;Netherlands
Bunde;LI;Limburg;NL;Netherlands
Cadier En Keer;LI;Limburg;NL;Netherlands
Castenray;LI;Limburg;NL;Netherlands
Doenrade;LI;Limburg;NL;Netherlands
Echt;LI;Limburg;NL;Netherlands
Eckelrade;LI;Limburg;NL;Netherlands
Egchel;LI;Limburg;NL;Netherlands
Eijsden;LI;Limburg;NL;Netherlands
Einighausen;LI;Limburg;NL;Netherlands
Elkenrade;LI;Limburg;NL;Netherlands
Ell;LI;Limburg;NL;Netherlands
Elsloo LB;LI;Limburg;NL;Netherlands
Epen;LI;Limburg;NL;Netherlands
Evertsoord;LI;Limburg;NL;Netherlands
Eygelshoven;LI;Limburg;NL;Netherlands
Eys;LI;Limburg;NL;Netherlands
Geijsteren;LI;Limburg;NL;Netherlands
Geleen;LI;Limburg;NL;Netherlands
Gennep;LI;Limburg;NL;Netherlands
Geulle;LI;Limburg;NL;Netherlands
Grashoek;LI;Limburg;NL;Netherlands
Grathem;LI;Limburg;NL;Netherlands
Grevenbicht;LI;Limburg;NL;Netherlands
Griendtsveen;LI;Limburg;NL;Netherlands
Gronsveld;LI;Limburg;NL;Netherlands
Grubbenvorst;LI;Limburg;NL;Netherlands
Gulpen;LI;Limburg;NL;Netherlands
Guttecoven;LI;Limburg;NL;Netherlands
Haelen;LI;Limburg;NL;Netherlands
Haler;LI;Limburg;NL;Netherlands
Heel;LI;Limburg;NL;Netherlands
Heerlen;LI;Limburg;NL;Netherlands
Hegelsom;LI;Limburg;NL;Netherlands
Heibloem;LI;Limburg;NL;Netherlands
Heide;LI;Limburg;NL;Netherlands
Heijen;LI;Limburg;NL;Netherlands
Heijenrath;LI;Limburg;NL;Netherlands
Helden;LI;Limburg;NL;Netherlands
Herkenbosch;LI;Limburg;NL;Netherlands
Herten;LI;Limburg;NL;Netherlands
Heythuysen;LI;Limburg;NL;Netherlands
Hoensbroek;LI;Limburg;NL;Netherlands
Holtum;LI;Limburg;NL;Netherlands
Horn;LI;Limburg;NL;Netherlands
Horst;LI;Limburg;NL;Netherlands
Hulsberg;LI;Limburg;NL;Netherlands
Hunsel;LI;Limburg;NL;Netherlands
Ingber;LI;Limburg;NL;Netherlands
Ittervoort;LI;Limburg;NL;Netherlands
Jabeek;LI;Limburg;NL;Netherlands
Kelpen-Oler;LI;Limburg;NL;Netherlands
Kerkrade;LI;Limburg;NL;Netherlands
Kessel LB;LI;Limburg;NL;Netherlands
Klimmen;LI;Limburg;NL;Netherlands
Koningsbosch;LI;Limburg;NL;Netherlands
Koningslust;LI;Limburg;NL;Netherlands
Kronenberg;LI;Limburg;NL;Netherlands
Landgraaf;LI;Limburg;NL;Netherlands
Lemiers;LI;Limburg;NL;Netherlands
Leunen;LI;Limburg;NL;Netherlands
Leveroy;LI;Limburg;NL;Netherlands
Limbricht;LI;Limburg;NL;Netherlands
Linne;LI;Limburg;NL;Netherlands
Lomm;LI;Limburg;NL;Netherlands
Lottum;LI;Limburg;NL;Netherlands
Maasbracht;LI;Limburg;NL;Netherlands
Maasbree;LI;Limburg;NL;Netherlands
Maastricht;LI;Limburg;NL;Netherlands
Maastricht-Airport;LI;Limburg;NL;Netherlands
Margraten;LI;Limburg;NL;Netherlands
Maria Hoop;LI;Limburg;NL;Netherlands
Mechelen;LI;Limburg;NL;Netherlands
Meerlo;LI;Limburg;NL;Netherlands
Meerssen;LI;Limburg;NL;Netherlands
Meijel;LI;Limburg;NL;Netherlands
Melderslo;LI;Limburg;NL;Netherlands
Melick;LI;Limburg;NL;Netherlands
Merkelbeek;LI;Limburg;NL;Netherlands
Merselo;LI;Limburg;NL;Netherlands
Meterik;LI;Limburg;NL;Netherlands
Mheer;LI;Limburg;NL;Netherlands
Middelaar;LI;Limburg;NL;Netherlands
Milsbeek;LI;Limburg;NL;Netherlands
Molenhoek LB;LI;Limburg;NL;Netherlands
Montfort;LI;Limburg;NL;Netherlands
Mook;LI;Limburg;NL;Netherlands
Moorveld;LI;Limburg;NL;Netherlands
Munstergeleen;LI;Limburg;NL;Netherlands
Nederweert;LI;Limburg;NL;Netherlands
Nederweert Eind;LI;Limburg;NL;Netherlands
Neer;LI;Limburg;NL;Netherlands
Neeritter;LI;Limburg;NL;Netherlands
Nieuwstadt;LI;Limburg;NL;Netherlands
Noorbeek;LI;Limburg;NL;Netherlands
Nunhem;LI;Limburg;NL;Netherlands
Nuth;LI;Limburg;NL;Netherlands
Obbicht;LI;Limburg;NL;Netherlands
Ohe En Laak;LI;Limburg;NL;Netherlands
Oirlo;LI;Limburg;NL;Netherlands
Oirsbeek;LI;Limburg;NL;Netherlands
Oostrum LB;LI;Limburg;NL;Netherlands
Ospel;LI;Limburg;NL;Netherlands
Ottersum;LI;Limburg;NL;Netherlands
Panningen;LI;Limburg;NL;Netherlands
Papenhoven;LI;Limburg;NL;Netherlands
Plasmolen;LI;Limburg;NL;Netherlands
Posterholt;LI;Limburg;NL;Netherlands
Puth;LI;Limburg;NL;Netherlands
Ransdaal;LI;Limburg;NL;Netherlands
Reijmerstok;LI;Limburg;NL;Netherlands
Reuver;LI;Limburg;NL;Netherlands
Roermond;LI;Limburg;NL;Netherlands
Roggel;LI;Limburg;NL;Netherlands
Roosteren;LI;Limburg;NL;Netherlands
Scheulder;LI;Limburg;NL;Netherlands
Schimmert;LI;Limburg;NL;Netherlands
Schin Op Geul;LI;Limburg;NL;Netherlands
Schinnen;LI;Limburg;NL;Netherlands
Schinveld;LI;Limburg;NL;Netherlands
Sevenum;LI;Limburg;NL;Netherlands
Siebengewald;LI;Limburg;NL;Netherlands
Simpelveld;LI;Limburg;NL;Netherlands
Sint Geertruid;LI;Limburg;NL;Netherlands
Sint Joost;LI;Limburg;NL;Netherlands
Sint Odilienberg;LI;Limburg;NL;Netherlands
Sittard;LI;Limburg;NL;Netherlands
Slenaken;LI;Limburg;NL;Netherlands
Smakt;LI;Limburg;NL;Netherlands
Spaubeek;LI;Limburg;NL;Netherlands
Steijl;LI;Limburg;NL;Netherlands
Stein LB;LI;Limburg;NL;Netherlands
Stevensweert;LI;Limburg;NL;Netherlands
Stramproy;LI;Limburg;NL;Netherlands
Susteren;LI;Limburg;NL;Netherlands
Swalmen;LI;Limburg;NL;Netherlands
Sweikhuizen;LI;Limburg;NL;Netherlands
Swolgen;LI;Limburg;NL;Netherlands
Tegelen;LI;Limburg;NL;Netherlands
Thorn;LI;Limburg;NL;Netherlands
Tienray;LI;Limburg;NL;Netherlands
Ulestraten;LI;Limburg;NL;Netherlands
Urmond;LI;Limburg;NL;Netherlands
Vaals;LI;Limburg;NL;Netherlands
Valkenburg LB;LI;Limburg;NL;Netherlands
Velden;LI;Limburg;NL;Netherlands
Venlo;LI;Limburg;NL;Netherlands
Venray;LI;Limburg;NL;Netherlands
Veulen;LI;Limburg;NL;Netherlands
Vijlen;LI;Limburg;NL;Netherlands
Vlodrop;LI;Limburg;NL;Netherlands
Voerendaal;LI;Limburg;NL;Netherlands
Vredepeel;LI;Limburg;NL;Netherlands
Walem;LI;Limburg;NL;Netherlands
Wanssum;LI;Limburg;NL;Netherlands
Weert;LI;Limburg;NL;Netherlands
Well LB;LI;Limburg;NL;Netherlands
Wellerlooi;LI;Limburg;NL;Netherlands
Wessem;LI;Limburg;NL;Netherlands
Wijlre;LI;Limburg;NL;Netherlands
Wijnandsrade;LI;Limburg;NL;Netherlands
Windraak;LI;Limburg;NL;Netherlands
Wittem;LI;Limburg;NL;Netherlands
Ysselsteyn LB;LI;Limburg;NL;Netherlands
Aagtekerke;ZL;Zeeland;NL;Netherlands
Aardenburg;ZL;Zeeland;NL;Netherlands
Arnemuiden;ZL;Zeeland;NL;Netherlands
Axel;ZL;Zeeland;NL;Netherlands
Baarland;ZL;Zeeland;NL;Netherlands
Biervliet;ZL;Zeeland;NL;Netherlands
Biggekerke;ZL;Zeeland;NL;Netherlands
Borssele;ZL;Zeeland;NL;Netherlands
Breskens;ZL;Zeeland;NL;Netherlands
Brouwershaven;ZL;Zeeland;NL;Netherlands
Bruinisse;ZL;Zeeland;NL;Netherlands
Burgh Haamstede;ZL;Zeeland;NL;Netherlands
Cadzand;ZL;Zeeland;NL;Netherlands
Clinge;ZL;Zeeland;NL;Netherlands
Colijnsplaat;ZL;Zeeland;NL;Netherlands
Domburg;ZL;Zeeland;NL;Netherlands
Dreischor;ZL;Zeeland;NL;Netherlands
Driewegen;ZL;Zeeland;NL;Netherlands
Eede Zld;ZL;Zeeland;NL;Netherlands
Ellemeet;ZL;Zeeland;NL;Netherlands
Ellewoutsdijk;ZL;Zeeland;NL;Netherlands
Gapinge;ZL;Zeeland;NL;Netherlands
Geersdijk;ZL;Zeeland;NL;Netherlands
Goes;ZL;Zeeland;NL;Netherlands
Graauw;ZL;Zeeland;NL;Netherlands
Grijpskerke;ZL;Zeeland;NL;Netherlands
Groede;ZL;Zeeland;NL;Netherlands
Hansweert;ZL;Zeeland;NL;Netherlands
Heikant;ZL;Zeeland;NL;Netherlands
Heinkenszand;ZL;Zeeland;NL;Netherlands
Hengstdijk;ZL;Zeeland;NL;Netherlands
Hoedekenskerke;ZL;Zeeland;NL;Netherlands
Hoek;ZL;Zeeland;NL;Netherlands
Hoofdplaat;ZL;Zeeland;NL;Netherlands
Hulst;ZL;Zeeland;NL;Netherlands
Ijzendijke;ZL;Zeeland;NL;Netherlands
Kamperland;ZL;Zeeland;NL;Netherlands
Kapelle;ZL;Zeeland;NL;Netherlands
Kapellebrug;ZL;Zeeland;NL;Netherlands
Kats;ZL;Zeeland;NL;Netherlands
Kattendijke;ZL;Zeeland;NL;Netherlands
Kerkwerve;ZL;Zeeland;NL;Netherlands
Kloetinge;ZL;Zeeland;NL;Netherlands
Kloosterzande;ZL;Zeeland;NL;Netherlands
Koewacht;ZL;Zeeland;NL;Netherlands
Kortgene;ZL;Zeeland;NL;Netherlands
Koudekerke;ZL;Zeeland;NL;Netherlands
Krabbendijke;ZL;Zeeland;NL;Netherlands
Kruiningen;ZL;Zeeland;NL;Netherlands
Kuitaart;ZL;Zeeland;NL;Netherlands
Kwadendamme;ZL;Zeeland;NL;Netherlands
Lamswaarde;ZL;Zeeland;NL;Netherlands
Lewedorp;ZL;Zeeland;NL;Netherlands
Meliskerke;ZL;Zeeland;NL;Netherlands
Middelburg;ZL;Zeeland;NL;Netherlands
Nieuw En Sint Joosland;ZL;Zeeland;NL;Netherlands
Nieuw Namen;ZL;Zeeland;NL;Netherlands
Nieuwdorp Zld;ZL;Zeeland;NL;Netherlands
Nieuwerkerk;ZL;Zeeland;NL;Netherlands
Nieuwvliet;ZL;Zeeland;NL;Netherlands
Nisse;ZL;Zeeland;NL;Netherlands
Noordgouwe;ZL;Zeeland;NL;Netherlands
Noordwelle;ZL;Zeeland;NL;Netherlands
Oostburg;ZL;Zeeland;NL;Netherlands
Oostdijk;ZL;Zeeland;NL;Netherlands
Oosterland;ZL;Zeeland;NL;Netherlands
Oostkapelle;ZL;Zeeland;NL;Netherlands
Oost-Souburg;ZL;Zeeland;NL;Netherlands
Ossenisse;ZL;Zeeland;NL;Netherlands
Oud Vossemeer;ZL;Zeeland;NL;Netherlands
Oudelande;ZL;Zeeland;NL;Netherlands
Ouwerkerk;ZL;Zeeland;NL;Netherlands
Overslag;ZL;Zeeland;NL;Netherlands
Ovezande;ZL;Zeeland;NL;Netherlands
Philippine;ZL;Zeeland;NL;Netherlands
Poortvliet;ZL;Zeeland;NL;Netherlands
Renesse;ZL;Zeeland;NL;Netherlands
Retranchement;ZL;Zeeland;NL;Netherlands
Rilland;ZL;Zeeland;NL;Netherlands
Ritthem;ZL;Zeeland;NL;Netherlands
Sas Van Gent;ZL;Zeeland;NL;Netherlands
Scharendijke;ZL;Zeeland;NL;Netherlands
Scherpenisse;ZL;Zeeland;NL;Netherlands
Schoondijke;ZL;Zeeland;NL;Netherlands
Schore;ZL;Zeeland;NL;Netherlands
Serooskerke Schouwen;ZL;Zeeland;NL;Netherlands
Serooskerke Walcheren;ZL;Zeeland;NL;Netherlands
's Gravenpolder;ZL;Zeeland;NL;Netherlands
's Heer Abtskerke;ZL;Zeeland;NL;Netherlands
's Heer Arendskerke;ZL;Zeeland;NL;Netherlands
's Heer Hendrikskinderen;ZL;Zeeland;NL;Netherlands
's Heerenhoek;ZL;Zeeland;NL;Netherlands
Sint Annaland;ZL;Zeeland;NL;Netherlands
Sint Jansteen;ZL;Zeeland;NL;Netherlands
Sint Kruis Sint;ZL;Zeeland;NL;Netherlands
Sint Maartensdijk;ZL;Zeeland;NL;Netherlands
Sint Philipsland;ZL;Zeeland;NL;Netherlands
Sirjansland;ZL;Zeeland;NL;Netherlands
Sluis;ZL;Zeeland;NL;Netherlands
Sluiskil;ZL;Zeeland;NL;Netherlands
Spui;ZL;Zeeland;NL;Netherlands
Stavenisse;ZL;Zeeland;NL;Netherlands
Terhole;ZL;Zeeland;NL;Netherlands
Terneuzen;ZL;Zeeland;NL;Netherlands
Tholen;ZL;Zeeland;NL;Netherlands
Veere;ZL;Zeeland;NL;Netherlands
Vlissingen;ZL;Zeeland;NL;Netherlands
Vogelwaarde;ZL;Zeeland;NL;Netherlands
Vrouwenpolder;ZL;Zeeland;NL;Netherlands
Waarde;ZL;Zeeland;NL;Netherlands
Walsoorden;ZL;Zeeland;NL;Netherlands
Waterlandkerkje;ZL;Zeeland;NL;Netherlands
Wemeldinge;ZL;Zeeland;NL;Netherlands
Westdorpe;ZL;Zeeland;NL;Netherlands
Westkapelle;ZL;Zeeland;NL;Netherlands
Wilhelminadorp;ZL;Zeeland;NL;Netherlands
Wissenkerke;ZL;Zeeland;NL;Netherlands
Wolphaartsdijk;ZL;Zeeland;NL;Netherlands
Yerseke;ZL;Zeeland;NL;Netherlands
Zaamslag;ZL;Zeeland;NL;Netherlands
Zierikzee;ZL;Zeeland;NL;Netherlands
Zonnemaire;ZL;Zeeland;NL;Netherlands
Zoutelande;ZL;Zeeland;NL;Netherlands
Zuiddorpe;ZL;Zeeland;NL;Netherlands
Zuidzande;ZL;Zeeland;NL;Netherlands
Aadorp;OV;Overijssel;NL;Netherlands
Agelo;OV;Overijssel;NL;Netherlands
Albergen;OV;Overijssel;NL;Netherlands
Almelo;OV;Overijssel;NL;Netherlands
Ambt Delden;OV;Overijssel;NL;Netherlands
Ane;OV;Overijssel;NL;Netherlands
Anerveen;OV;Overijssel;NL;Netherlands
Anevelde;OV;Overijssel;NL;Netherlands
Arrien;OV;Overijssel;NL;Netherlands
Baarlo OV;OV;Overijssel;NL;Netherlands
Baars;OV;Overijssel;NL;Netherlands
Balkbrug;OV;Overijssel;NL;Netherlands
Basse;OV;Overijssel;NL;Netherlands
Bathmen;OV;Overijssel;NL;Netherlands
Beerze;OV;Overijssel;NL;Netherlands
Beerzerveld;OV;Overijssel;NL;Netherlands
Belt Schutsloot;OV;Overijssel;NL;Netherlands
Bentelo;OV;Overijssel;NL;Netherlands
Bergentheim;OV;Overijssel;NL;Netherlands
Beuningen OV;OV;Overijssel;NL;Netherlands
Blankenham;OV;Overijssel;NL;Netherlands
Blokzijl;OV;Overijssel;NL;Netherlands
Borne;OV;Overijssel;NL;Netherlands
Bornerbroek;OV;Overijssel;NL;Netherlands
Broekland OV;OV;Overijssel;NL;Netherlands
Brucht;OV;Overijssel;NL;Netherlands
Bruchterveld;OV;Overijssel;NL;Netherlands
Bruinehaar;OV;Overijssel;NL;Netherlands
Collendoorn;OV;Overijssel;NL;Netherlands
Colmschate;OV;Overijssel;NL;Netherlands
Daarle;OV;Overijssel;NL;Netherlands
Daarlerveen;OV;Overijssel;NL;Netherlands
Dalfsen;OV;Overijssel;NL;Netherlands
Dalmsholte;OV;Overijssel;NL;Netherlands
De Bult;OV;Overijssel;NL;Netherlands
De Krim;OV;Overijssel;NL;Netherlands
De Lutte;OV;Overijssel;NL;Netherlands
De Pol;OV;Overijssel;NL;Netherlands
Dedemsvaart;OV;Overijssel;NL;Netherlands
Delden Delden;OV;Overijssel;NL;Netherlands
Den Ham OV;OV;Overijssel;NL;Netherlands
Den Velde;OV;Overijssel;NL;Netherlands
Denekamp;OV;Overijssel;NL;Netherlands
Deurningen;OV;Overijssel;NL;Netherlands
Deventer;OV;Overijssel;NL;Netherlands
Diepenheim;OV;Overijssel;NL;Netherlands
Diepenveen;OV;Overijssel;NL;Netherlands
Diffelen;OV;Overijssel;NL;Netherlands
Eesveen;OV;Overijssel;NL;Netherlands
Enschede;OV;Overijssel;NL;Netherlands
Enter;OV;Overijssel;NL;Netherlands
Fleringen;OV;Overijssel;NL;Netherlands
Geesteren OV;OV;Overijssel;NL;Netherlands
Genemuiden;OV;Overijssel;NL;Netherlands
Giethmen;OV;Overijssel;NL;Netherlands
Giethoorn;OV;Overijssel;NL;Netherlands
Glane;OV;Overijssel;NL;Netherlands
Goor;OV;Overijssel;NL;Netherlands
Grafhorst;OV;Overijssel;NL;Netherlands
Gramsbergen;OV;Overijssel;NL;Netherlands
Haaksbergen;OV;Overijssel;NL;Netherlands
Haarle Gem Hellendoorn;OV;Overijssel;NL;Netherlands
Haarle Gem Tubbergen;OV;Overijssel;NL;Netherlands
Harbrinkhoek;OV;Overijssel;NL;Netherlands
Hardenberg;OV;Overijssel;NL;Netherlands
Hasselt;OV;Overijssel;NL;Netherlands
Heemserveen;OV;Overijssel;NL;Netherlands
Heeten;OV;Overijssel;NL;Netherlands
Heino;OV;Overijssel;NL;Netherlands
Hellendoorn;OV;Overijssel;NL;Netherlands
Hengelo OV;OV;Overijssel;NL;Netherlands
Hengevelde;OV;Overijssel;NL;Netherlands
Hertme;OV;Overijssel;NL;Netherlands
Hezingen;OV;Overijssel;NL;Netherlands
Hoge Hexel;OV;Overijssel;NL;Netherlands
Holten;OV;Overijssel;NL;Netherlands
Holtheme;OV;Overijssel;NL;Netherlands
Holthone;OV;Overijssel;NL;Netherlands
Hoogenweg;OV;Overijssel;NL;Netherlands
Ijhorst;OV;Overijssel;NL;Netherlands
Ijsselham;OV;Overijssel;NL;Netherlands
Ijsselmuiden;OV;Overijssel;NL;Netherlands
Kalenberg;OV;Overijssel;NL;Netherlands
Kallenkote;OV;Overijssel;NL;Netherlands
Kampen;OV;Overijssel;NL;Netherlands
Kamperveen;OV;Overijssel;NL;Netherlands
Kloosterhaar;OV;Overijssel;NL;Netherlands
Kuinre;OV;Overijssel;NL;Netherlands
Laag Zuthem;OV;Overijssel;NL;Netherlands
Langeveen;OV;Overijssel;NL;Netherlands
Lattrop Breklenkamp;OV;Overijssel;NL;Netherlands
Lemele;OV;Overijssel;NL;Netherlands
Lemelerveld;OV;Overijssel;NL;Netherlands
Lettele;OV;Overijssel;NL;Netherlands
Lierderholthuis;OV;Overijssel;NL;Netherlands
Loozen;OV;Overijssel;NL;Netherlands
Losser;OV;Overijssel;NL;Netherlands
Lutten;OV;Overijssel;NL;Netherlands
Luttenberg;OV;Overijssel;NL;Netherlands
Mander;OV;Overijssel;NL;Netherlands
Manderveen;OV;Overijssel;NL;Netherlands
Mariaparochie;OV;Overijssel;NL;Netherlands
Marienberg;OV;Overijssel;NL;Netherlands
Marienheem;OV;Overijssel;NL;Netherlands
Marijenkampen;OV;Overijssel;NL;Netherlands
Markelo;OV;Overijssel;NL;Netherlands
Marle;OV;Overijssel;NL;Netherlands
Mastenbroek;OV;Overijssel;NL;Netherlands
Nederland;OV;Overijssel;NL;Netherlands
Nieuw Heeten;OV;Overijssel;NL;Netherlands
Nieuwleusen;OV;Overijssel;NL;Netherlands
Nijverdal;OV;Overijssel;NL;Netherlands
Notter;OV;Overijssel;NL;Netherlands
Nutter;OV;Overijssel;NL;Netherlands
Okkenbroek;OV;Overijssel;NL;Netherlands
Oldemarkt;OV;Overijssel;NL;Netherlands
Oldenzaal;OV;Overijssel;NL;Netherlands
Olst;OV;Overijssel;NL;Netherlands
Ommen;OV;Overijssel;NL;Netherlands
Onna;OV;Overijssel;NL;Netherlands
Ootmarsum;OV;Overijssel;NL;Netherlands
Ossenzijl;OV;Overijssel;NL;Netherlands
Oud Ootmarsum;OV;Overijssel;NL;Netherlands
Overdinkel;OV;Overijssel;NL;Netherlands
Paasloo;OV;Overijssel;NL;Netherlands
Punthorst;OV;Overijssel;NL;Netherlands
Raalte;OV;Overijssel;NL;Netherlands
Radewijk;OV;Overijssel;NL;Netherlands
Reutum;OV;Overijssel;NL;Netherlands
Rheeze;OV;Overijssel;NL;Netherlands
Rheezerveen;OV;Overijssel;NL;Netherlands
Rijssen;OV;Overijssel;NL;Netherlands
Rossum OV;OV;Overijssel;NL;Netherlands
Rouveen;OV;Overijssel;NL;Netherlands
Saasveld;OV;Overijssel;NL;Netherlands
Schalkhaar;OV;Overijssel;NL;Netherlands
Scheerwolde;OV;Overijssel;NL;Netherlands
Schuinesloot;OV;Overijssel;NL;Netherlands
's Heerenbroek;OV;Overijssel;NL;Netherlands
Sibculo;OV;Overijssel;NL;Netherlands
Sint Jansklooster;OV;Overijssel;NL;Netherlands
Slagharen;OV;Overijssel;NL;Netherlands
Staphorst;OV;Overijssel;NL;Netherlands
Steenwijk;OV;Overijssel;NL;Netherlands
Steenwijkerwold;OV;Overijssel;NL;Netherlands
Stegeren;OV;Overijssel;NL;Netherlands
Tilligte;OV;Overijssel;NL;Netherlands
Tubbergen;OV;Overijssel;NL;Netherlands
Tuk;OV;Overijssel;NL;Netherlands
Vasse;OV;Overijssel;NL;Netherlands
Venebrugge;OV;Overijssel;NL;Netherlands
Vilsteren;OV;Overijssel;NL;Netherlands
Vinkenbuurt;OV;Overijssel;NL;Netherlands
Vollenhove;OV;Overijssel;NL;Netherlands
Vriezenveen;OV;Overijssel;NL;Netherlands
Vroomshoop;OV;Overijssel;NL;Netherlands
Wanneperveen;OV;Overijssel;NL;Netherlands
Weerselo;OV;Overijssel;NL;Netherlands
Welsum;OV;Overijssel;NL;Netherlands
Wesepe;OV;Overijssel;NL;Netherlands
Westerhaar-Vriezenv Wijk;OV;Overijssel;NL;Netherlands
Wetering;OV;Overijssel;NL;Netherlands
Wierden;OV;Overijssel;NL;Netherlands
Wijhe;OV;Overijssel;NL;Netherlands
Willemsoord;OV;Overijssel;NL;Netherlands
Wilsum;OV;Overijssel;NL;Netherlands
Witharen;OV;Overijssel;NL;Netherlands
Witte Paarden;OV;Overijssel;NL;Netherlands
Zalk;OV;Overijssel;NL;Netherlands
Zenderen;OV;Overijssel;NL;Netherlands
Zuidveen;OV;Overijssel;NL;Netherlands
Zuna;OV;Overijssel;NL;Netherlands
Zwartsluis;OV;Overijssel;NL;Netherlands
Zwolle;OV;Overijssel;NL;Netherlands
Aarle Rixtel;NB;Noord-Brabant;NL;Netherlands
Almkerk;NB;Noord-Brabant;NL;Netherlands
Alphen NB;NB;Noord-Brabant;NL;Netherlands
Andel;NB;Noord-Brabant;NL;Netherlands
Asten;NB;Noord-Brabant;NL;Netherlands
Baarle Nassau;NB;Noord-Brabant;NL;Netherlands
Babylonienbroek;NB;Noord-Brabant;NL;Netherlands
Bakel;NB;Noord-Brabant;NL;Netherlands
Bavel;NB;Noord-Brabant;NL;Netherlands
Bavel Ac;NB;Noord-Brabant;NL;Netherlands
Beek En Donk;NB;Noord-Brabant;NL;Netherlands
Beers NB;NB;Noord-Brabant;NL;Netherlands
Bergen Op Zoom;NB;Noord-Brabant;NL;Netherlands
Bergeyk;NB;Noord-Brabant;NL;Netherlands
Berghem;NB;Noord-Brabant;NL;Netherlands
Berkel-Enschot;NB;Noord-Brabant;NL;Netherlands
Berlicum NB;NB;Noord-Brabant;NL;Netherlands
Best;NB;Noord-Brabant;NL;Netherlands
Beugen;NB;Noord-Brabant;NL;Netherlands
Biest Houtakker;NB;Noord-Brabant;NL;Netherlands
Biezenmortel;NB;Noord-Brabant;NL;Netherlands
Bladel;NB;Noord-Brabant;NL;Netherlands
Boekel;NB;Noord-Brabant;NL;Netherlands
Bosschenhoofd;NB;Noord-Brabant;NL;Netherlands
Boxmeer;NB;Noord-Brabant;NL;Netherlands
Boxtel;NB;Noord-Brabant;NL;Netherlands
Breda;NB;Noord-Brabant;NL;Netherlands
Breugel;NB;Noord-Brabant;NL;Netherlands
Budel;NB;Noord-Brabant;NL;Netherlands
Budel Dorplein;NB;Noord-Brabant;NL;Netherlands
Budel-Schoot;NB;Noord-Brabant;NL;Netherlands
Castelre;NB;Noord-Brabant;NL;Netherlands
Casteren;NB;Noord-Brabant;NL;Netherlands
Chaam;NB;Noord-Brabant;NL;Netherlands
Cromvoirt;NB;Noord-Brabant;NL;Netherlands
Cuijk;NB;Noord-Brabant;NL;Netherlands
De Heen;NB;Noord-Brabant;NL;Netherlands
De Moer;NB;Noord-Brabant;NL;Netherlands
De Mortel;NB;Noord-Brabant;NL;Netherlands
De Rips;NB;Noord-Brabant;NL;Netherlands
Den Bosch;NB;Noord-Brabant;NL;Netherlands
Den Dungen;NB;Noord-Brabant;NL;Netherlands
Den Hout NB;NB;Noord-Brabant;NL;Netherlands
Deurne;NB;Noord-Brabant;NL;Netherlands
Diessen;NB;Noord-Brabant;NL;Netherlands
Dinteloord;NB;Noord-Brabant;NL;Netherlands
Dongen;NB;Noord-Brabant;NL;Netherlands
Dorst;NB;Noord-Brabant;NL;Netherlands
Drimmelen;NB;Noord-Brabant;NL;Netherlands
Drongelen;NB;Noord-Brabant;NL;Netherlands
Drunen;NB;Noord-Brabant;NL;Netherlands
Duizel;NB;Noord-Brabant;NL;Netherlands
Dussen;NB;Noord-Brabant;NL;Netherlands
Eersel;NB;Noord-Brabant;NL;Netherlands
Eethen;NB;Noord-Brabant;NL;Netherlands
Eindhoven;NB;Noord-Brabant;NL;Netherlands
Elsendorp;NB;Noord-Brabant;NL;Netherlands
Elshout;NB;Noord-Brabant;NL;Netherlands
Erp;NB;Noord-Brabant;NL;Netherlands
Esbeek;NB;Noord-Brabant;NL;Netherlands
Esch;NB;Noord-Brabant;NL;Netherlands
Escharen;NB;Noord-Brabant;NL;Netherlands
Etten-Leur;NB;Noord-Brabant;NL;Netherlands
Fijnaart;NB;Noord-Brabant;NL;Netherlands
Galder;NB;Noord-Brabant;NL;Netherlands
Gassel;NB;Noord-Brabant;NL;Netherlands
Gastel;NB;Noord-Brabant;NL;Netherlands
Geertruidenberg;NB;Noord-Brabant;NL;Netherlands
Geffen;NB;Noord-Brabant;NL;Netherlands
Geldrop;NB;Noord-Brabant;NL;Netherlands
Gemert;NB;Noord-Brabant;NL;Netherlands
Gemonde;NB;Noord-Brabant;NL;Netherlands
Genderen;NB;Noord-Brabant;NL;Netherlands
Giessen;NB;Noord-Brabant;NL;Netherlands
Gilze;NB;Noord-Brabant;NL;Netherlands
Goirle;NB;Noord-Brabant;NL;Netherlands
Grave;NB;Noord-Brabant;NL;Netherlands
Groeningen;NB;Noord-Brabant;NL;Netherlands
Haaren;NB;Noord-Brabant;NL;Netherlands
Haarsteeg;NB;Noord-Brabant;NL;Netherlands
Haghorst;NB;Noord-Brabant;NL;Netherlands
Halsteren;NB;Noord-Brabant;NL;Netherlands
Handel;NB;Noord-Brabant;NL;Netherlands
Hank;NB;Noord-Brabant;NL;Netherlands
Hapert;NB;Noord-Brabant;NL;Netherlands
Haps;NB;Noord-Brabant;NL;Netherlands
Haren NB;NB;Noord-Brabant;NL;Netherlands
Heerle;NB;Noord-Brabant;NL;Netherlands
Heesch;NB;Noord-Brabant;NL;Netherlands
Heeswijk Dinther;NB;Noord-Brabant;NL;Netherlands
Heeze;NB;Noord-Brabant;NL;Netherlands
Heijningen;NB;Noord-Brabant;NL;Netherlands
Helenaveen;NB;Noord-Brabant;NL;Netherlands
Helmond;NB;Noord-Brabant;NL;Netherlands
Helvoirt;NB;Noord-Brabant;NL;Netherlands
Herpen;NB;Noord-Brabant;NL;Netherlands
Heukelom NB;NB;Noord-Brabant;NL;Netherlands
Heusden Gem Asten;NB;Noord-Brabant;NL;Netherlands
Heusden Gem Heusden;NB;Noord-Brabant;NL;Netherlands
Hilvarenbeek;NB;Noord-Brabant;NL;Netherlands
Hoeven;NB;Noord-Brabant;NL;Netherlands
Holthees;NB;Noord-Brabant;NL;Netherlands
Hooge Mierde;NB;Noord-Brabant;NL;Netherlands
Hooge Zwaluwe;NB;Noord-Brabant;NL;Netherlands
Hoogeloon;NB;Noord-Brabant;NL;Netherlands
Hoogerheide;NB;Noord-Brabant;NL;Netherlands
Huijbergen;NB;Noord-Brabant;NL;Netherlands
Hulsel;NB;Noord-Brabant;NL;Netherlands
Hulten;NB;Noord-Brabant;NL;Netherlands
Kaatsheuvel;NB;Noord-Brabant;NL;Netherlands
Katwijk NB;NB;Noord-Brabant;NL;Netherlands
Klundert;NB;Noord-Brabant;NL;Netherlands
Knegsel;NB;Noord-Brabant;NL;Netherlands
Kruisland;NB;Noord-Brabant;NL;Netherlands
Lage Mierde;NB;Noord-Brabant;NL;Netherlands
Lage Zwaluwe;NB;Noord-Brabant;NL;Netherlands
Landhorst;NB;Noord-Brabant;NL;Netherlands
Langenboom;NB;Noord-Brabant;NL;Netherlands
Langeweg;NB;Noord-Brabant;NL;Netherlands
Ledeacker;NB;Noord-Brabant;NL;Netherlands
Leende;NB;Noord-Brabant;NL;Netherlands
Lepelstraat;NB;Noord-Brabant;NL;Netherlands
Liempde;NB;Noord-Brabant;NL;Netherlands
Lierop;NB;Noord-Brabant;NL;Netherlands
Lieshout;NB;Noord-Brabant;NL;Netherlands
Liessel;NB;Noord-Brabant;NL;Netherlands
Linden;NB;Noord-Brabant;NL;Netherlands
Lith;NB;Noord-Brabant;NL;Netherlands
Lithoijen;NB;Noord-Brabant;NL;Netherlands
Loon Op Zand;NB;Noord-Brabant;NL;Netherlands
Loosbroek;NB;Noord-Brabant;NL;Netherlands
Luyksgestel;NB;Noord-Brabant;NL;Netherlands
Maarheeze;NB;Noord-Brabant;NL;Netherlands
Maashees;NB;Noord-Brabant;NL;Netherlands
Macharen;NB;Noord-Brabant;NL;Netherlands
Made;NB;Noord-Brabant;NL;Netherlands
Maren Kessel;NB;Noord-Brabant;NL;Netherlands
Mariahout;NB;Noord-Brabant;NL;Netherlands
Meeuwen;NB;Noord-Brabant;NL;Netherlands
Megen;NB;Noord-Brabant;NL;Netherlands
Mierlo;NB;Noord-Brabant;NL;Netherlands
Milheeze;NB;Noord-Brabant;NL;Netherlands
Mill;NB;Noord-Brabant;NL;Netherlands
Moerdijk;NB;Noord-Brabant;NL;Netherlands
Moergestel;NB;Noord-Brabant;NL;Netherlands
Moerstraten;NB;Noord-Brabant;NL;Netherlands
Molenschot;NB;Noord-Brabant;NL;Netherlands
Neerkant;NB;Noord-Brabant;NL;Netherlands
Netersel;NB;Noord-Brabant;NL;Netherlands
Nieuw Vossemeer;NB;Noord-Brabant;NL;Netherlands
Nieuwendijk NB;NB;Noord-Brabant;NL;Netherlands
Nieuwkuijk;NB;Noord-Brabant;NL;Netherlands
Nispen;NB;Noord-Brabant;NL;Netherlands
Nistelrode;NB;Noord-Brabant;NL;Netherlands
Nuenen;NB;Noord-Brabant;NL;Netherlands
Nuland;NB;Noord-Brabant;NL;Netherlands
Odiliapeel;NB;Noord-Brabant;NL;Netherlands
Oeffelt;NB;Noord-Brabant;NL;Netherlands
Oijen;NB;Noord-Brabant;NL;Netherlands
Oirschot;NB;Noord-Brabant;NL;Netherlands
Oisterwijk;NB;Noord-Brabant;NL;Netherlands
Ommel;NB;Noord-Brabant;NL;Netherlands
Oost West En Middelbeers;NB;Noord-Brabant;NL;Netherlands
Oosteind;NB;Noord-Brabant;NL;Netherlands
Oosterhout NB;NB;Noord-Brabant;NL;Netherlands
Oploo;NB;Noord-Brabant;NL;Netherlands
Oss;NB;Noord-Brabant;NL;Netherlands
Ossendrecht;NB;Noord-Brabant;NL;Netherlands
Oud Gastel;NB;Noord-Brabant;NL;Netherlands
Oudemolen NB;NB;Noord-Brabant;NL;Netherlands
Oudenbosch;NB;Noord-Brabant;NL;Netherlands
Overloon;NB;Noord-Brabant;NL;Netherlands
Prinsenbeek;NB;Noord-Brabant;NL;Netherlands
Putte;NB;Noord-Brabant;NL;Netherlands
Raamsdonk;NB;Noord-Brabant;NL;Netherlands
Raamsdonksveer;NB;Noord-Brabant;NL;Netherlands
Ravenstein;NB;Noord-Brabant;NL;Netherlands
Reek;NB;Noord-Brabant;NL;Netherlands
Reusel;NB;Noord-Brabant;NL;Netherlands
Riel;NB;Noord-Brabant;NL;Netherlands
Riethoven;NB;Noord-Brabant;NL;Netherlands
Rijen;NB;Noord-Brabant;NL;Netherlands
Rijkevoort;NB;Noord-Brabant;NL;Netherlands
Rijsbergen;NB;Noord-Brabant;NL;Netherlands
Rijswijk NB;NB;Noord-Brabant;NL;Netherlands
Roosendaal;NB;Noord-Brabant;NL;Netherlands
Rosmalen;NB;Noord-Brabant;NL;Netherlands
Rucphen;NB;Noord-Brabant;NL;Netherlands
Rykevoort-De Walsert;NB;Noord-Brabant;NL;Netherlands
's Gravenmoer;NB;Noord-Brabant;NL;Netherlands
Sambeek;NB;Noord-Brabant;NL;Netherlands
Schaijk;NB;Noord-Brabant;NL;Netherlands
Schijf;NB;Noord-Brabant;NL;Netherlands
Schijndel;NB;Noord-Brabant;NL;Netherlands
Sint Agatha;NB;Noord-Brabant;NL;Netherlands
Sint Anthonis;NB;Noord-Brabant;NL;Netherlands
Sint Hubert;NB;Noord-Brabant;NL;Netherlands
Sint Michielsgestel;NB;Noord-Brabant;NL;Netherlands
Sint Oedenrode;NB;Noord-Brabant;NL;Netherlands
Sint Willebrord;NB;Noord-Brabant;NL;Netherlands
Sleeuwijk;NB;Noord-Brabant;NL;Netherlands
Soerendonk;NB;Noord-Brabant;NL;Netherlands
Someren;NB;Noord-Brabant;NL;Netherlands
Son;NB;Noord-Brabant;NL;Netherlands
Sprang-Capelle;NB;Noord-Brabant;NL;Netherlands
Sprundel;NB;Noord-Brabant;NL;Netherlands
Stampersgat;NB;Noord-Brabant;NL;Netherlands
Standdaarbuiten;NB;Noord-Brabant;NL;Netherlands
Steenbergen NB;NB;Noord-Brabant;NL;Netherlands
Steensel;NB;Noord-Brabant;NL;Netherlands
Sterksel;NB;Noord-Brabant;NL;Netherlands
Stevensbeek;NB;Noord-Brabant;NL;Netherlands
Strijbeek;NB;Noord-Brabant;NL;Netherlands
Teeffelen;NB;Noord-Brabant;NL;Netherlands
Terheijden;NB;Noord-Brabant;NL;Netherlands
Teteringen;NB;Noord-Brabant;NL;Netherlands
Tilburg;NB;Noord-Brabant;NL;Netherlands
Uden;NB;Noord-Brabant;NL;Netherlands
Udenhout;NB;Noord-Brabant;NL;Netherlands
Uitwijk;NB;Noord-Brabant;NL;Netherlands
Ulicoten;NB;Noord-Brabant;NL;Netherlands
Ulvenhout;NB;Noord-Brabant;NL;Netherlands
Ulvenhout Ac;NB;Noord-Brabant;NL;Netherlands
Valkenswaard;NB;Noord-Brabant;NL;Netherlands
Veen;NB;Noord-Brabant;NL;Netherlands
Veghel;NB;Noord-Brabant;NL;Netherlands
Veldhoven;NB;Noord-Brabant;NL;Netherlands
Velp NB;NB;Noord-Brabant;NL;Netherlands
Venhorst;NB;Noord-Brabant;NL;Netherlands
Vessem;NB;Noord-Brabant;NL;Netherlands
Vianen NB;NB;Noord-Brabant;NL;Netherlands
Vierlingsbeek;NB;Noord-Brabant;NL;Netherlands
Vinkel;NB;Noord-Brabant;NL;Netherlands
Vlierden;NB;Noord-Brabant;NL;Netherlands
Vlijmen;NB;Noord-Brabant;NL;Netherlands
Volkel;NB;Noord-Brabant;NL;Netherlands
Vorstenbosch;NB;Noord-Brabant;NL;Netherlands
Vortum Mullem;NB;Noord-Brabant;NL;Netherlands
Vught;NB;Noord-Brabant;NL;Netherlands
Waalre;NB;Noord-Brabant;NL;Netherlands
Waalwijk;NB;Noord-Brabant;NL;Netherlands
Waardhuizen;NB;Noord-Brabant;NL;Netherlands
Wagenberg;NB;Noord-Brabant;NL;Netherlands
Wanroij;NB;Noord-Brabant;NL;Netherlands
Waspik;NB;Noord-Brabant;NL;Netherlands
Werkendam;NB;Noord-Brabant;NL;Netherlands
Wernhout;NB;Noord-Brabant;NL;Netherlands
Westerbeek;NB;Noord-Brabant;NL;Netherlands
Westerhoven;NB;Noord-Brabant;NL;Netherlands
Wijk En Aalburg;NB;Noord-Brabant;NL;Netherlands
Wilbertoord;NB;Noord-Brabant;NL;Netherlands
Willemstad NB;NB;Noord-Brabant;NL;Netherlands
Wintelre;NB;Noord-Brabant;NL;Netherlands
Woensdrecht;NB;Noord-Brabant;NL;Netherlands
Woudrichem;NB;Noord-Brabant;NL;Netherlands
Wouw;NB;Noord-Brabant;NL;Netherlands
Wouwse Plantage;NB;Noord-Brabant;NL;Netherlands
Zeeland;NB;Noord-Brabant;NL;Netherlands
Zegge;NB;Noord-Brabant;NL;Netherlands
Zevenbergen;NB;Noord-Brabant;NL;Netherlands
Zevenbergschen Hoek;NB;Noord-Brabant;NL;Netherlands
Zevenbergschen Hoek Dri;NB;Noord-Brabant;NL;Netherlands
Zundert;NB;Noord-Brabant;NL;Netherlands